ID,AGE,MARITAL,CHILD_STATUS,EDUCATION,OP1,OP2,OP3,OP4,OP5,OP6,LIFSAT1,LIFSAT2,LIFSAT3,LIFSAT4,LIFSAT5,EDUCATION_RECODED,OPT_NO_MISSING,OPT_MISSING_IGNORED,OPT_NO_EXTREME_MISSING
1,45,4,1,4,2,4,2,4,3,4,5,5,5,6,2,0,3.1666666666666665,3.1666666666666665,3.1666666666666665
2,21,1,0,5,4,2,2,2,5,4,4,4,4,4,4,1,3.1666666666666665,3.1666666666666665,3.1666666666666665
3,42,4,1,2,2,4,3,4,5,5,5,5,5,6,5,0,3.8333333333333335,3.8333333333333335,3.8333333333333335
4,47,4,1,2,4,NA,4,4,4,4,5,5,6,6,5,0,NA,4,4
5,48,4,0,3,5,5,5,5,5,5,4,6,6,3,3,0,5,5,5
6,41,7,1,6,4,3,4,4,4,2,5,4,5,5,2,1,3.5,3.5,3.5
7,33,1,0,5,4,5,4,5,5,5,1,1,1,1,1,1,4.666666666666667,4.666666666666667,4.666666666666667
8,38,7,1,5,2,4,4,4,4,3,5,5,5,6,5,1,3.5,3.5,3.5
9,39,3,1,5,2,3,4,3,5,2,7,6,5,7,5,1,3.1666666666666665,3.1666666666666665,3.1666666666666665
10,67,4,0,2,3,4,4,NA,3,5,4,3,4,5,4,0,NA,3.8,3.8
11,22,2,0,5,NA,2,1,2,2,2,4,3,3,5,5,1,NA,1.8,1.8
12,31,4,1,5,4,4,4,4,4,4,6,6,6,7,7,1,4,4,4
13,45,4,1,5,5,5,5,5,5,5,7,7,7,7,7,1,5,5,5
14,26,4,0,5,3,3,4,5,5,3,7,7,7,7,6,1,3.8333333333333335,3.8333333333333335,3.8333333333333335
15,51,5,1,2,3,4,4,4,4,3,5,4,5,5,5,0,3.6666666666666665,3.6666666666666665,3.6666666666666665
16,37,5,1,3,3,4,NA,3,4,4,5,5,7,6,5,0,NA,3.6,3.6
17,33,1,0,4,2,4,5,4,4,4,3,3,3,2,2,0,3.8333333333333335,3.8333333333333335,3.8333333333333335
18,61,8,1,3,4,4,4,5,5,5,6,6,6,7,6,0,4.5,4.5,4.5
19,33,1,0,4,3,4,3,NA,NA,NA,4,5,5,2,2,0,NA,3.3333333333333335,3.3333333333333335
20,42,4,1,4,4,2,3,3,3,3,3,4,4,1,2,0,3,3,3
21,45,4,1,6,2,3,4,4,4,4,5,5,5,3,1,1,3.5,3.5,3.5
22,57,4,0,4,3,4,5,4,4,4,5,6,4,4,4,0,4,4,4
23,60,4,0,5,4,4,3,5,4,5,6,6,6,6,6,1,4.166666666666667,4.166666666666667,4.166666666666667
24,23,1,0,6,1,3,1,NA,1,1,1,1,1,1,1,1,NA,1.4,1.4
25,48,4,1,4,3,5,5,5,5,5,5,4,6,5,5,0,4.666666666666667,4.666666666666667,4.666666666666667
26,55,1,1,6,4,5,4,5,4,5,5,5,5,6,6,1,4.5,4.5,4.5
27,38,4,1,5,3,5,5,5,5,5,6,6,6,6,6,1,4.666666666666667,4.666666666666667,4.666666666666667
28,27,2,0,3,3,3,3,3,4,4,3,4,3,6,4,0,3.3333333333333335,3.3333333333333335,3.3333333333333335
29,21,1,0,3,4,5,4,4,5,5,6,6,7,7,7,0,4.5,4.5,4.5
30,37,4,1,5,4,4,4,4,4,4,4,4,4,4,2,1,4,4,4
31,27,4,1,2,3,3,5,4,2,1,6,7,5,7,4,0,3,3,3
32,31,3,0,6,2,NA,2,NA,3,3,3,4,3,3,3,1,NA,2.5,2.5
33,52,2,1,3,4,5,5,5,5,5,4,7,4,3,2,0,4.833333333333333,4.833333333333333,4.833333333333333
34,64,4,0,6,4,5,4,4,3,5,4,5,4,4,2,1,4.166666666666667,4.166666666666667,4.166666666666667
35,35,1,0,4,3,3,3,3,3,3,4,4,4,2,2,0,3,3,3
36,22,1,0,3,5,4,4,4,3,3,4,6,5,5,3,0,3.8333333333333335,3.8333333333333335,3.8333333333333335
37,23,1,0,6,3,3,4,2,4,2,6,7,6,6,7,1,3,3,3
38,56,2,1,6,5,5,5,2,4,3,3,3,4,2,1,1,4,4,4
39,24,1,0,3,4,4,4,4,4,2,4,4,3,3,4,0,3.6666666666666665,3.6666666666666665,3.6666666666666665
40,36,4,1,3,1,3,4,3,4,5,3,5,4,4,6,0,3.3333333333333335,3.3333333333333335,3.3333333333333335
41,37,6,1,3,3,3,3,4,3,3,2,2,2,6,2,0,3.1666666666666665,3.1666666666666665,3.1666666666666665
42,50,5,1,6,4,4,NA,NA,NA,NA,7,6,6,7,6,1,NA,4,NA
43,37,4,1,4,3,5,4,5,5,5,5,4,5,6,2,0,4.5,4.5,4.5
44,40,4,1,5,4,5,5,4,5,2,6,6,6,6,7,1,4.166666666666667,4.166666666666667,4.166666666666667
51,27,3,0,5,4,3,4,3,3,4,5,5,6,6,6,1,3.5,3.5,3.5
52,51,4,1,5,4,4,5,4,5,4,6,6,6,6,6,1,4.333333333333333,4.333333333333333,4.333333333333333
53,23,1,0,3,4,1,3,2,2,2,4,4,2,2,5,0,2.3333333333333335,2.3333333333333335,2.3333333333333335
54,37,3,0,5,4,5,5,5,5,5,7,7,7,7,7,1,4.833333333333333,4.833333333333333,4.833333333333333
55,19,1,0,4,4,3,3,4,3,4,4,4,5,6,6,0,3.5,3.5,3.5
56,48,4,1,4,3,3,3,3,4,5,4,3,2,3,2,0,3.5,3.5,3.5
57,50,4,1,4,4,3,1,2,4,3,5,5,5,6,6,0,2.8333333333333335,2.8333333333333335,2.8333333333333335
58,49,4,1,2,3,2,4,2,4,2,5,5,5,4,4,0,2.8333333333333335,2.8333333333333335,2.8333333333333335
59,36,6,1,2,2,2,3,2,3,2,3,4,4,3,6,0,2.3333333333333335,2.3333333333333335,2.3333333333333335
60,45,4,1,6,3,5,4,5,5,5,5,5,5,4,3,1,4.5,4.5,4.5
61,18,2,0,2,3,2,2,2,2,2,2,2,2,1,1,0,2.1666666666666665,2.1666666666666665,2.1666666666666665
62,22,1,0,3,3,3,5,3,5,3,5,3,3,2,2,0,3.6666666666666665,3.6666666666666665,3.6666666666666665
63,19,2,0,3,1,3,2,3,3,4,5,3,5,5,5,0,2.6666666666666665,2.6666666666666665,2.6666666666666665
64,27,3,0,3,4,5,5,4,5,3,5,5,6,6,7,0,4.333333333333333,4.333333333333333,4.333333333333333
65,46,4,1,2,1,4,5,4,5,5,6,4,5,6,5,0,4,4,4
66,59,5,0,2,NA,1,1,1,1,5,6,2,1,2,1,0,NA,1.8,1.8
67,20,3,0,4,2,3,2,2,2,4,2,2,2,6,2,0,2.5,2.5,2.5
68,55,7,0,5,4,4,4,4,4,4,4,4,4,5,2,1,4,4,4
69,23,2,0,5,3,3,4,4,4,2,5,4,6,5,4,1,3.3333333333333335,3.3333333333333335,3.3333333333333335
70,30,4,1,2,1,4,3,3,3,1,2,2,4,2,1,0,2.5,2.5,2.5
76,22,1,0,5,4,NA,NA,4,4,4,6,6,6,4,6,1,NA,4,4
77,23,2,0,5,2,4,3,4,4,4,5,5,6,4,3,1,3.5,3.5,3.5
78,25,4,0,4,3,4,4,4,4,5,6,6,6,6,5,0,4,4,4
79,46,5,1,3,3,1,5,1,4,3,6,6,6,6,6,0,2.8333333333333335,2.8333333333333335,2.8333333333333335
80,22,1,0,3,5,5,5,5,5,5,6,7,7,7,7,0,5,5,5
81,20,1,0,3,2,2,NA,NA,3,4,3,5,2,3,3,0,NA,2.75,2.75
82,49,7,0,3,2,3,3,2,3,3,2,2,2,3,3,0,2.6666666666666665,2.6666666666666665,2.6666666666666665
83,42,4,1,2,3,3,3,3,4,2,7,7,7,7,7,0,3,3,3
84,37,4,1,3,4,3,1,4,4,4,6,6,5,5,2,0,3.3333333333333335,3.3333333333333335,3.3333333333333335
85,20,1,0,4,3,1,4,2,2,2,1,2,1,1,1,0,2.3333333333333335,2.3333333333333335,2.3333333333333335
86,22,1,0,5,4,NA,4,3,NA,2,6,5,5,5,1,1,NA,3.25,3.25
87,25,1,0,5,3,3,4,4,4,3,5,6,5,5,4,1,3.5,3.5,3.5
88,26,1,0,5,3,3,2,2,2,2,5,4,6,5,7,1,2.3333333333333335,2.3333333333333335,2.3333333333333335
89,22,2,0,5,4,5,4,5,5,5,6,6,6,6,2,1,4.666666666666667,4.666666666666667,4.666666666666667
90,24,2,0,5,3,3,5,3,5,2,5,5,5,5,5,1,3.5,3.5,3.5
91,51,5,1,3,4,5,4,5,4,5,5,5,5,5,5,0,4.5,4.5,4.5
92,45,4,1,2,2,5,3,1,5,5,5,4,4,4,6,0,3.5,3.5,3.5
93,47,4,1,5,3,3,2,3,2,3,3,3,5,5,4,1,2.6666666666666665,2.6666666666666665,2.6666666666666665
94,21,1,0,5,4,4,4,4,3,4,3,3,3,3,3,1,3.8333333333333335,3.8333333333333335,3.8333333333333335
95,41,2,0,5,3,4,3,5,4,5,6,6,6,6,7,1,4,4,4
101,25,3,0,3,4,4,4,4,5,4,6,6,6,4,7,0,4.166666666666667,4.166666666666667,4.166666666666667
102,26,1,0,5,3,5,5,4,4,2,5,6,6,6,6,1,3.8333333333333335,3.8333333333333335,3.8333333333333335
103,23,3,0,5,2,5,4,5,4,3,5,6,6,7,7,1,3.8333333333333335,3.8333333333333335,3.8333333333333335
104,51,2,0,3,3,5,3,5,3,5,3,4,4,5,3,0,4,4,4
105,48,4,1,4,4,4,4,2,4,2,5,5,5,5,4,0,3.3333333333333335,3.3333333333333335,3.3333333333333335
106,37,4,1,5,3,2,4,3,4,2,6,6,6,7,5,1,3,3,3
107,39,3,0,4,2,4,4,2,2,2,3,3,3,3,1,0,2.6666666666666665,2.6666666666666665,2.6666666666666665
108,40,4,1,3,3,3,1,3,5,4,2,2,2,5,1,0,3.1666666666666665,3.1666666666666665,3.1666666666666665
109,33,1,0,4,4,5,4,4,5,4,5,5,5,5,5,0,4.333333333333333,4.333333333333333,4.333333333333333
110,27,1,0,5,3,3,4,4,4,2,2,3,3,2,1,1,3.3333333333333335,3.3333333333333335,3.3333333333333335
111,32,4,1,5,3,4,4,4,4,4,6,6,6,6,5,1,3.8333333333333335,3.8333333333333335,3.8333333333333335
112,50,2,0,3,3,4,3,5,5,5,4,4,4,4,4,0,4.166666666666667,4.166666666666667,4.166666666666667
113,35,5,1,2,3,4,4,5,4,4,3,3,4,4,3,0,4,4,4
114,50,7,1,4,3,4,3,3,4,4,2,2,3,4,3,0,3.5,3.5,3.5
115,38,4,1,6,3,5,4,4,5,5,5,7,5,6,5,1,4.333333333333333,4.333333333333333,4.333333333333333
116,48,5,1,4,3,NA,NA,NA,NA,NA,3,5,5,5,1,0,NA,3,NA
117,54,4,1,6,3,4,3,5,3,5,4,4,4,4,3,1,3.8333333333333335,3.8333333333333335,3.8333333333333335
118,36,7,0,4,2,5,3,5,4,5,4,3,1,3,1,0,4,4,4
119,68,7,0,3,5,5,5,5,5,5,7,7,7,7,7,0,5,5,5
120,74,8,0,5,5,3,4,5,4,5,7,7,7,6,7,1,4.333333333333333,4.333333333333333,4.333333333333333
126,35,4,1,6,3,5,4,4,4,5,4,4,6,6,4,1,4.166666666666667,4.166666666666667,4.166666666666667
127,37,4,1,4,4,4,4,5,5,5,6,6,6,6,5,0,4.5,4.5,4.5
128,39,4,1,5,2,4,3,4,4,2,3,3,3,3,2,1,3.1666666666666665,3.1666666666666665,3.1666666666666665
129,50,7,0,5,2,3,2,3,3,2,2,1,4,3,2,1,2.5,2.5,2.5
130,33,1,0,2,2,4,1,3,1,3,2,2,2,2,1,0,2.3333333333333335,2.3333333333333335,2.3333333333333335
131,23,1,0,4,2,3,5,3,3,3,4,6,6,6,5,0,3.1666666666666665,3.1666666666666665,3.1666666666666665
132,54,4,0,2,3,3,3,4,3,4,5,6,3,3,2,0,3.3333333333333335,3.3333333333333335,3.3333333333333335
133,23,1,0,4,3,4,5,3,4,4,3,4,5,6,4,0,3.8333333333333335,3.8333333333333335,3.8333333333333335
134,41,7,1,4,3,5,5,5,5,5,2,3,6,4,3,0,4.666666666666667,4.666666666666667,4.666666666666667
135,49,4,1,5,3,5,4,5,3,4,6,6,6,6,6,1,4,4,4
136,22,3,0,5,NA,NA,NA,4,3,4,5,6,5,5,4,1,NA,3.6666666666666665,3.6666666666666665
137,22,3,0,4,3,4,3,4,3,3,5,5,4,5,4,0,3.3333333333333335,3.3333333333333335,3.3333333333333335
138,27,1,0,3,5,5,5,5,5,5,5,5,5,5,3,0,5,5,5
139,32,4,0,4,3,3,4,4,4,5,4,4,4,3,2,0,3.8333333333333335,3.8333333333333335,3.8333333333333335
140,38,4,1,4,3,4,3,4,3,4,4,4,4,5,3,0,3.5,3.5,3.5
141,41,5,1,5,4,NA,NA,NA,5,5,5,5,5,5,6,1,NA,4.666666666666667,4.666666666666667
142,23,1,0,5,2,5,4,4,4,5,6,7,7,7,6,1,4,4,4
143,21,1,NA,5,2,5,4,5,5,5,4,4,5,7,6,1,4.333333333333333,4.333333333333333,4.333333333333333
144,43,4,1,2,4,3,3,3,4,3,1,1,2,2,2,0,3.3333333333333335,3.3333333333333335,3.3333333333333335
151,40,4,1,6,3,4,4,4,5,4,5,5,5,5,5,1,4,4,4
152,31,1,0,5,2,4,3,3,4,3,4,5,5,4,4,1,3.1666666666666665,3.1666666666666665,3.1666666666666665
153,49,4,1,5,3,5,4,5,5,5,4,4,4,6,5,1,4.5,4.5,4.5
154,52,5,1,4,4,5,4,5,5,5,7,7,7,7,6,0,4.666666666666667,4.666666666666667,4.666666666666667
155,29,3,0,4,NA,NA,NA,NA,NA,NA,NA,NA,NA,NA,NA,0,NA,NA,NA
156,36,4,1,4,2,4,3,4,5,4,4,4,5,5,5,0,3.6666666666666665,3.6666666666666665,3.6666666666666665
157,19,1,0,3,4,2,4,2,2,3,3,1,2,1,2,0,2.8333333333333335,2.8333333333333335,2.8333333333333335
158,58,4,0,5,4,5,NA,4,5,5,4,6,4,6,4,1,NA,4.6,4.6
159,65,7,0,2,5,5,5,5,5,5,6,6,6,6,6,0,5,5,5
160,22,1,0,3,4,4,4,4,4,4,4,5,5,5,1,0,4,4,4
161,43,1,0,4,3,3,4,3,4,4,4,4,2,2,4,0,3.5,3.5,3.5
162,22,1,0,5,3,4,5,3,2,3,2,6,4,3,1,1,3.3333333333333335,3.3333333333333335,3.3333333333333335
163,22,1,0,5,5,5,4,5,5,5,6,6,6,5,6,1,4.833333333333333,4.833333333333333,4.833333333333333
164,31,2,0,5,3,3,2,3,3,3,4,4,3,4,3,1,2.8333333333333335,2.8333333333333335,2.8333333333333335
165,46,6,0,4,2,3,4,2,2,4,2,2,5,6,2,0,2.8333333333333335,2.8333333333333335,2.8333333333333335
176,53,7,0,6,4,NA,NA,4,5,4,2,2,3,2,2,1,NA,4.25,4.25
177,24,1,0,3,2,3,3,4,2,3,4,4,4,3,3,0,2.8333333333333335,2.8333333333333335,2.8333333333333335
178,42,4,1,3,3,5,3,3,3,4,2,2,2,5,2,0,3.5,3.5,3.5
179,45,5,0,4,2,3,1,NA,4,3,6,6,6,6,6,0,NA,2.6,2.6
180,70,4,0,2,5,5,5,5,5,5,2,2,2,2,2,0,5,5,5
181,46,4,1,5,4,5,5,5,5,5,6,6,6,7,6,1,4.833333333333333,4.833333333333333,4.833333333333333
182,42,4,1,6,4,5,3,4,4,4,5,3,5,5,3,1,4,4,4
183,35,1,0,4,2,2,5,1,2,4,1,1,1,1,1,0,2.6666666666666665,2.6666666666666665,2.6666666666666665
184,34,4,1,5,4,5,4,5,5,5,6,7,6,7,5,1,4.666666666666667,4.666666666666667,4.666666666666667
185,36,4,1,5,3,3,5,NA,NA,NA,6,6,6,6,6,1,NA,3.6666666666666665,3.6666666666666665
186,44,1,0,2,3,3,3,3,3,3,4,4,4,4,2,0,3,3,3
187,31,3,0,6,3,4,3,4,NA,2,5,5,5,6,5,1,NA,3.2,3.2
188,29,1,0,2,3,5,5,5,5,5,5,5,5,4,7,0,4.666666666666667,4.666666666666667,4.666666666666667
189,46,5,1,6,2,3,2,4,2,3,4,4,5,5,4,1,2.6666666666666665,2.6666666666666665,2.6666666666666665
190,23,1,0,5,3,4,4,4,3,3,4,5,4,3,6,1,3.5,3.5,3.5
191,49,4,1,2,3,5,5,5,5,5,6,6,6,6,6,0,4.666666666666667,4.666666666666667,4.666666666666667
192,44,8,1,4,4,5,5,5,5,5,7,6,6,5,5,0,4.833333333333333,4.833333333333333,4.833333333333333
193,23,1,0,3,4,5,5,5,5,5,6,7,6,6,7,0,4.833333333333333,4.833333333333333,4.833333333333333
194,42,4,1,3,4,4,4,5,5,5,5,5,6,7,6,0,4.5,4.5,4.5
195,29,2,0,5,3,4,3,4,4,5,5,5,4,5,5,1,3.8333333333333335,3.8333333333333335,3.8333333333333335
201,66,4,0,4,1,5,5,5,4,4,7,7,7,7,7,0,4,4,4
202,21,1,0,5,3,3,4,4,4,4,5,6,5,5,5,1,3.6666666666666665,3.6666666666666665,3.6666666666666665
203,41,7,1,5,5,5,4,4,4,4,5,6,6,6,4,1,4.333333333333333,4.333333333333333,4.333333333333333
204,35,4,0,5,4,4,4,4,4,4,5,5,5,4,6,1,4,4,4
205,28,4,0,2,3,2,2,3,3,3,6,5,6,6,6,0,2.6666666666666665,2.6666666666666665,2.6666666666666665
206,36,1,0,6,4,3,3,4,5,5,4,4,4,4,4,1,4,4,4
207,36,2,0,4,5,4,5,4,5,4,4,4,4,5,4,0,4.5,4.5,4.5
208,27,4,0,2,5,3,NA,2,5,2,6,6,6,6,3,0,NA,3.4,3.4
209,70,4,0,6,3,3,5,5,5,4,7,7,7,7,4,1,4.166666666666667,4.166666666666667,4.166666666666667
210,35,4,1,2,4,5,4,4,4,5,6,6,6,6,3,0,4.333333333333333,4.333333333333333,4.333333333333333
211,33,4,1,3,3,4,4,3,5,3,5,6,5,7,2,0,3.6666666666666665,3.6666666666666665,3.6666666666666665
212,35,5,1,4,4,5,5,4,2,5,4,1,2,1,2,0,4.166666666666667,4.166666666666667,4.166666666666667
213,22,1,0,5,4,5,4,5,5,4,3,6,3,3,2,1,4.5,4.5,4.5
214,56,4,0,2,3,3,4,4,4,2,6,6,6,6,6,0,3.3333333333333335,3.3333333333333335,3.3333333333333335
215,32,2,0,6,2,4,2,4,2,3,4,4,4,4,4,1,2.8333333333333335,2.8333333333333335,2.8333333333333335
216,31,4,1,4,4,5,5,5,5,5,5,6,6,7,3,0,4.833333333333333,4.833333333333333,4.833333333333333
217,49,4,1,4,5,5,5,5,5,5,5,6,6,6,5,0,5,5,5
218,31,4,1,4,5,5,5,5,5,5,5,6,7,6,6,0,5,5,5
219,63,4,0,5,2,5,4,5,5,5,2,6,5,5,2,1,4.333333333333333,4.333333333333333,4.333333333333333
220,36,4,1,4,5,4,5,5,5,5,6,6,7,7,7,0,4.833333333333333,4.833333333333333,4.833333333333333
226,48,4,0,3,3,3,4,4,3,3,3,3,2,3,6,0,3.3333333333333335,3.3333333333333335,3.3333333333333335
227,30,4,0,3,2,3,5,4,4,3,4,5,5,6,5,0,3.5,3.5,3.5
228,26,1,0,5,4,4,5,4,4,4,6,6,7,7,5,1,4.166666666666667,4.166666666666667,4.166666666666667
229,21,1,0,3,4,3,3,4,4,3,3,6,5,5,5,0,3.5,3.5,3.5
230,20,1,0,3,4,4,4,3,NA,4,5,5,5,4,3,0,NA,3.8,3.8
231,26,1,0,4,2,3,3,2,4,3,5,6,6,6,4,0,2.8333333333333335,2.8333333333333335,2.8333333333333335
232,22,1,0,5,3,3,3,4,2,2,3,3,6,6,6,1,2.8333333333333335,2.8333333333333335,2.8333333333333335
233,21,1,0,3,3,3,4,4,4,3,4,5,5,5,4,0,3.5,3.5,3.5
234,44,1,0,6,3,4,5,5,4,5,5,4,4,5,5,1,4.333333333333333,4.333333333333333,4.333333333333333
235,26,1,0,3,4,3,5,2,4,3,2,2,2,2,4,0,3.5,3.5,3.5
236,26,1,0,4,2,5,4,2,4,2,5,5,4,4,2,0,3.1666666666666665,3.1666666666666665,3.1666666666666665
237,32,4,0,4,4,4,3,4,4,4,4,3,4,3,3,0,3.8333333333333335,3.8333333333333335,3.8333333333333335
238,41,4,1,2,5,5,5,5,5,5,6,5,6,4,6,0,5,5,5
239,40,5,0,5,3,2,3,2,4,4,5,6,6,6,4,1,3,3,3
240,44,4,1,3,3,4,4,4,3,4,4,4,5,6,5,0,3.6666666666666665,3.6666666666666665,3.6666666666666665
241,48,4,1,5,4,4,5,5,5,4,6,6,6,6,5,1,4.5,4.5,4.5
242,18,1,0,3,3,4,2,4,4,4,4,4,3,5,5,0,3.5,3.5,3.5
242,54,4,1,6,3,4,3,NA,NA,NA,5,5,5,6,3,1,NA,3.3333333333333335,3.3333333333333335
244,47,4,1,6,3,2,4,4,4,4,4,4,4,5,4,1,3.5,3.5,3.5
245,74,4,0,2,3,5,5,3,5,2,3,4,6,6,7,0,3.8333333333333335,3.8333333333333335,3.8333333333333335
246,65,4,1,4,3,2,4,4,4,3,3,5,5,3,2,0,3.3333333333333335,3.3333333333333335,3.3333333333333335
251,45,4,1,4,4,4,NA,4,5,5,3,5,4,3,2,0,NA,4.4,4.4
252,21,2,0,5,4,5,3,5,4,5,6,6,6,6,3,1,4.333333333333333,4.333333333333333,4.333333333333333
253,48,7,0,4,3,4,4,1,5,4,5,5,5,3,1,0,3.5,3.5,3.5
254,33,4,0,5,3,5,4,5,5,5,6,5,7,7,6,1,4.5,4.5,4.5
255,44,7,0,6,4,4,4,4,4,4,2,4,4,3,3,1,4,4,4
256,48,5,1,3,4,5,4,4,5,5,6,5,7,7,5,0,4.5,4.5,4.5
257,56,4,0,2,5,2,4,3,4,4,4,3,4,6,5,0,3.6666666666666665,3.6666666666666665,3.6666666666666665
258,24,3,0,5,5,5,4,5,4,5,4,6,6,7,2,1,4.666666666666667,4.666666666666667,4.666666666666667
259,54,4,1,4,3,3,4,3,NA,3,3,3,4,4,4,0,NA,3.2,3.2
260,41,2,0,6,2,4,3,3,3,4,4,4,4,3,3,1,3.1666666666666665,3.1666666666666665,3.1666666666666665
261,27,3,0,5,4,4,4,4,4,4,5,6,6,6,6,1,4,4,4
262,36,4,1,1,4,5,5,5,4,5,7,7,7,7,7,0,4.666666666666667,4.666666666666667,4.666666666666667
263,49,4,0,6,3,2,NA,NA,NA,3,2,2,2,2,1,1,NA,2.6666666666666665,2.6666666666666665
264,18,1,0,3,4,5,5,5,5,5,7,7,5,7,1,0,4.833333333333333,4.833333333333333,4.833333333333333
265,30,3,0,4,3,3,4,4,4,3,5,6,3,4,4,0,3.5,3.5,3.5
266,55,4,0,6,4,3,NA,NA,5,4,5,5,5,5,4,1,NA,4,4
276,42,4,1,5,5,4,5,5,5,5,5,5,5,5,3,1,4.833333333333333,4.833333333333333,4.833333333333333
277,34,3,0,4,3,3,4,3,4,5,5,5,5,5,5,0,3.6666666666666665,3.6666666666666665,3.6666666666666665
278,36,4,1,4,4,4,4,5,5,4,4,4,4,4,4,0,4.333333333333333,4.333333333333333,4.333333333333333
279,50,4,1,4,3,3,4,NA,4,3,7,5,6,7,5,0,NA,3.4,3.4
280,34,4,1,3,NA,4,3,5,5,5,1,1,3,3,1,0,NA,4.4,4.4
281,78,8,0,3,4,5,4,5,4,5,4,6,4,5,7,0,4.5,4.5,4.5
282,51,4,0,5,5,5,5,5,5,5,6,6,6,7,7,1,5,5,5
283,21,2,0,5,5,4,4,4,5,5,7,7,7,7,7,1,4.5,4.5,4.5
284,55,4,0,4,5,5,4,4,5,5,5,4,6,6,4,0,4.666666666666667,4.666666666666667,4.666666666666667
285,21,1,0,5,2,NA,3,NA,2,NA,4,5,5,4,4,1,NA,2.3333333333333335,2.3333333333333335
286,33,4,1,4,4,5,4,5,5,5,2,2,3,3,2,0,4.666666666666667,4.666666666666667,4.666666666666667
287,25,1,0,5,4,4,3,5,5,5,1,1,4,7,7,1,4.333333333333333,4.333333333333333,4.333333333333333
288,21,1,0,5,3,4,3,3,3,3,3,5,5,5,5,1,3.1666666666666665,3.1666666666666665,3.1666666666666665
289,32,4,1,3,3,4,2,4,4,4,6,6,5,5,5,0,3.5,3.5,3.5
290,50,4,1,4,2,4,3,3,4,3,3,2,4,2,3,0,3.1666666666666665,3.1666666666666665,3.1666666666666665
291,30,1,0,4,3,3,3,3,4,3,4,5,4,4,3,0,3.1666666666666665,3.1666666666666665,3.1666666666666665
292,33,4,1,3,4,3,5,5,1,1,4,5,6,6,6,0,3.1666666666666665,3.1666666666666665,3.1666666666666665
293,34,4,1,4,3,5,4,5,5,2,5,4,4,4,3,0,4,4,4
294,41,4,0,5,2,4,4,3,4,3,5,3,6,6,6,1,3.3333333333333335,3.3333333333333335,3.3333333333333335
295,37,4,0,6,4,5,4,5,4,4,6,6,6,6,6,1,4.333333333333333,4.333333333333333,4.333333333333333
296,24,2,0,5,4,5,5,5,5,5,7,7,7,7,7,1,4.833333333333333,4.833333333333333,4.833333333333333
297,35,1,0,6,4,4,5,4,5,5,5,6,5,6,5,1,4.5,4.5,4.5
300,23,2,0,5,4,5,3,5,4,4,5,5,5,4,6,1,4.166666666666667,4.166666666666667,4.166666666666667
301,54,4,0,5,4,5,4,4,5,2,6,6,7,7,7,1,4,4,4
302,43,4,1,4,4,3,4,2,5,3,5,5,2,2,1,0,3.5,3.5,3.5
303,58,5,0,2,NA,5,5,4,5,5,6,6,6,6,3,0,NA,4.8,4.8
304,36,4,1,3,3,3,4,3,5,5,6,6,6,6,4,0,3.8333333333333335,3.8333333333333335,3.8333333333333335
305,28,3,0,4,4,3,4,5,4,5,5,5,5,6,4,0,4.166666666666667,4.166666666666667,4.166666666666667
306,21,1,0,3,4,3,4,3,3,3,5,4,5,4,5,0,3.3333333333333335,3.3333333333333335,3.3333333333333335
307,41,5,1,2,3,5,5,3,5,5,7,6,7,7,6,0,4.333333333333333,4.333333333333333,4.333333333333333
308,22,1,0,3,1,1,1,1,2,1,2,4,3,3,1,0,1.1666666666666667,1.1666666666666667,1.1666666666666667
309,57,5,0,3,3,4,5,5,5,5,3,2,6,5,7,0,4.5,4.5,4.5
310,33,4,0,4,3,4,3,4,4,4,4,4,4,3,5,0,3.6666666666666665,3.6666666666666665,3.6666666666666665
311,40,4,1,2,4,4,4,4,4,4,3,3,3,3,4,0,4,4,4
312,21,2,0,3,3,4,4,4,5,5,4,7,5,6,5,0,4.166666666666667,4.166666666666667,4.166666666666667
313,46,7,1,4,4,4,5,5,5,5,2,3,3,2,2,0,4.666666666666667,4.666666666666667,4.666666666666667
314,35,4,1,4,5,5,4,5,5,5,6,6,6,6,6,0,4.833333333333333,4.833333333333333,4.833333333333333
315,31,4,1,4,3,3,5,NA,5,4,7,5,5,6,7,0,NA,4,4
316,60,4,1,4,3,5,3,5,5,5,6,6,6,6,3,0,4.333333333333333,4.333333333333333,4.333333333333333
317,53,4,1,4,4,3,5,3,4,4,5,5,5,5,4,0,3.8333333333333335,3.8333333333333335,3.8333333333333335
318,25,3,0,6,3,3,4,4,5,5,5,4,4,3,2,1,4,4,4
319,44,5,0,5,3,3,3,2,3,4,7,7,7,6,4,1,3,3,3
321,23,3,0,5,3,4,4,4,5,3,5,5,5,4,5,1,3.8333333333333335,3.8333333333333335,3.8333333333333335
326,46,6,0,4,5,5,4,5,4,5,4,6,6,6,4,0,4.666666666666667,4.666666666666667,4.666666666666667
327,46,4,1,5,3,4,1,3,3,3,5,3,5,5,4,1,2.8333333333333335,2.8333333333333335,2.8333333333333335
328,21,1,0,5,3,3,3,3,4,4,2,2,5,5,5,1,3.3333333333333335,3.3333333333333335,3.3333333333333335
329,18,2,0,3,2,1,3,NA,NA,NA,3,4,2,3,1,0,NA,2,2
330,53,4,0,2,3,1,5,1,2,1,7,6,7,2,1,0,2.1666666666666665,2.1666666666666665,2.1666666666666665
331,22,3,0,2,2,2,2,1,2,1,2,2,3,2,2,0,1.6666666666666667,1.6666666666666667,1.6666666666666667
332,31,4,1,5,3,5,4,5,5,4,6,6,7,6,7,1,4.333333333333333,4.333333333333333,4.333333333333333
333,32,1,0,6,3,5,5,3,4,3,3,4,5,3,1,1,3.8333333333333335,3.8333333333333335,3.8333333333333335
335,36,4,1,6,3,5,4,5,4,5,6,6,6,6,4,1,4.333333333333333,4.333333333333333,4.333333333333333
336,43,5,0,5,2,2,3,3,4,4,2,6,4,3,4,1,3,3,3
337,32,4,1,4,3,3,3,3,3,3,6,6,6,6,6,0,3,3,3
338,45,5,1,4,2,1,2,1,5,5,1,7,7,7,5,0,2.6666666666666665,2.6666666666666665,2.6666666666666665
339,41,4,1,6,4,5,4,4,4,4,3,4,4,4,3,1,4.166666666666667,4.166666666666667,4.166666666666667
340,66,4,0,2,5,3,4,5,4,5,6,6,7,7,6,0,4.333333333333333,4.333333333333333,4.333333333333333
341,30,6,0,4,3,1,1,2,1,2,1,1,1,1,1,0,1.6666666666666667,1.6666666666666667,1.6666666666666667
342,24,2,0,5,2,3,3,4,3,4,3,3,2,3,1,1,3.1666666666666665,3.1666666666666665,3.1666666666666665
343,48,7,0,5,3,2,3,4,2,4,4,3,5,3,4,1,3,3,3
344,33,4,1,2,1,1,1,1,5,1,1,2,2,3,1,0,1.6666666666666667,1.6666666666666667,1.6666666666666667
345,30,4,1,2,2,2,5,2,4,3,5,6,7,7,2,0,3,3,3
351,31,4,1,4,3,3,3,3,2,1,4,4,4,4,4,0,2.5,2.5,2.5
352,34,4,1,3,4,3,4,4,4,4,6,6,6,6,6,0,3.8333333333333335,3.8333333333333335,3.8333333333333335
353,48,4,1,2,3,NA,NA,NA,4,4,5,3,4,3,5,0,NA,3.6666666666666665,3.6666666666666665
354,41,3,0,5,5,3,3,3,3,4,2,3,1,2,2,1,3.5,3.5,3.5
355,37,4,1,6,4,5,4,5,1,1,2,3,3,5,1,1,3.3333333333333335,3.3333333333333335,3.3333333333333335
356,50,5,0,6,4,5,4,4,5,5,5,6,6,6,4,1,4.5,4.5,4.5
357,36,4,1,6,2,4,4,4,5,3,5,6,5,5,5,1,3.6666666666666665,3.6666666666666665,3.6666666666666665
358,28,2,0,5,4,3,4,4,NA,NA,5,5,5,4,2,1,NA,3.75,3.75
359,39,4,1,5,2,2,1,1,2,NA,4,3,5,3,1,1,NA,1.6,1.6
360,50,1,1,3,3,2,5,2,4,2,4,6,6,7,4,0,3,3,3
361,48,4,1,3,3,4,4,4,4,4,6,6,7,7,7,0,3.8333333333333335,3.8333333333333335,3.8333333333333335
362,46,4,1,2,3,2,5,4,4,2,6,6,6,6,6,0,3.3333333333333335,3.3333333333333335,3.3333333333333335
363,35,4,1,4,2,4,4,4,4,5,5,4,3,3,6,0,3.8333333333333335,3.8333333333333335,3.8333333333333335
364,56,4,1,4,4,2,4,3,2,3,5,5,5,5,5,0,3,3,3
365,52,4,1,1,5,2,4,4,4,1,1,3,1,3,1,0,3.3333333333333335,3.3333333333333335,3.3333333333333335
366,19,1,0,3,4,3,5,5,4,5,5,6,6,5,5,0,4.333333333333333,4.333333333333333,4.333333333333333
367,27,1,0,5,2,2,3,3,3,3,1,2,2,1,1,1,2.6666666666666665,2.6666666666666665,2.6666666666666665
368,82,8,0,4,4,5,4,5,4,5,6,5,6,6,6,0,4.5,4.5,4.5
369,38,7,0,5,2,3,3,3,3,4,3,3,4,2,3,1,3,3,3
370,24,1,0,4,1,4,4,2,3,3,2,2,3,5,7,0,2.8333333333333335,2.8333333333333335,2.8333333333333335
371,75,4,0,2,1,3,5,3,5,5,6,5,5,3,2,0,3.6666666666666665,3.6666666666666665,3.6666666666666665
372,26,3,0,4,2,3,3,3,3,3,4,4,3,3,3,0,2.8333333333333335,2.8333333333333335,2.8333333333333335
373,32,1,0,3,4,5,3,5,4,4,5,4,4,3,4,0,4.166666666666667,4.166666666666667,4.166666666666667
374,35,4,1,4,4,2,4,3,4,4,5,5,5,6,3,0,3.5,3.5,3.5
375,30,1,0,6,3,3,3,3,3,3,3,3,4,4,4,1,3,3,3
376,22,1,0,4,3,4,4,4,4,1,2,3,3,1,7,0,3.3333333333333335,3.3333333333333335,3.3333333333333335
377,55,4,0,2,4,4,5,5,3,4,5,2,5,6,6,0,4.166666666666667,4.166666666666667,4.166666666666667
378,25,1,0,5,4,3,4,2,4,4,4,4,3,3,3,1,3.5,3.5,3.5
379,47,4,1,4,5,2,5,4,5,4,6,6,6,7,7,0,4.166666666666667,4.166666666666667,4.166666666666667
380,38,4,1,4,3,NA,3,5,4,5,4,4,5,5,4,0,NA,4,4
401,28,3,1,5,3,5,3,5,5,3,3,3,4,6,3,1,4,4,4
402,23,1,1,5,4,3,4,4,4,4,5,5,4,6,6,1,3.8333333333333335,3.8333333333333335,3.8333333333333335
403,56,4,0,4,5,5,5,5,5,2,6,7,7,7,6,0,4.5,4.5,4.5
404,24,1,0,5,4,5,4,5,5,5,6,7,7,5,6,1,4.666666666666667,4.666666666666667,4.666666666666667
405,20,1,1,3,3,4,4,4,4,4,3,4,3,3,6,0,3.8333333333333335,3.8333333333333335,3.8333333333333335
406,34,3,0,4,4,2,3,3,4,4,4,4,6,4,6,0,3.3333333333333335,3.3333333333333335,3.3333333333333335
407,26,2,0,5,4,4,3,4,3,5,3,3,5,4,3,1,3.8333333333333335,3.8333333333333335,3.8333333333333335
408,32,4,1,3,2,5,3,3,4,3,4,5,7,7,3,0,3.3333333333333335,3.3333333333333335,3.3333333333333335
409,46,4,0,5,3,3,3,4,4,3,4,4,4,3,3,1,3.3333333333333335,3.3333333333333335,3.3333333333333335
410,48,5,0,2,4,3,5,5,5,5,5,4,6,6,6,0,4.5,4.5,4.5
411,49,2,1,6,3,4,4,4,4,4,7,7,7,7,3,1,3.8333333333333335,3.8333333333333335,3.8333333333333335
412,48,4,1,4,5,4,4,5,4,3,4,4,4,5,2,0,4.166666666666667,4.166666666666667,4.166666666666667
413,27,3,0,2,4,4,4,4,4,4,3,3,4,2,2,0,4,4,4
414,24,4,1,5,4,3,4,3,3,2,5,6,6,6,4,1,3.1666666666666665,3.1666666666666665,3.1666666666666665
415,24,4,1,5,3,4,3,4,4,4,5,6,5,4,3,1,3.6666666666666665,3.6666666666666665,3.6666666666666665
416,21,1,0,3,3,3,3,3,5,4,4,5,5,5,4,0,3.5,3.5,3.5
417,31,3,0,6,3,4,3,4,5,5,5,5,5,6,2,1,4,4,4
418,22,1,1,3,5,2,3,3,2,2,3,3,3,1,2,0,2.8333333333333335,2.8333333333333335,2.8333333333333335
419,44,4,1,4,3,4,3,4,3,5,5,4,5,7,7,0,3.6666666666666665,3.6666666666666665,3.6666666666666665
420,69,4,0,2,4,5,3,3,4,2,6,5,6,3,6,0,3.5,3.5,3.5
421,68,4,0,3,3,5,4,5,4,5,5,5,3,4,6,0,4.333333333333333,4.333333333333333,4.333333333333333
422,24,1,0,4,3,5,4,4,5,5,6,5,7,5,4,0,4.333333333333333,4.333333333333333,4.333333333333333
423,27,1,0,5,4,5,4,4,4,4,5,5,5,5,5,1,4.166666666666667,4.166666666666667,4.166666666666667
424,63,7,0,3,3,2,4,3,3,3,1,3,3,4,3,0,3,3,3
425,48,4,1,2,3,5,3,3,3,2,7,7,7,6,6,0,3.1666666666666665,3.1666666666666665,3.1666666666666665
426,21,1,0,4,NA,NA,NA,NA,NA,NA,NA,NA,NA,NA,NA,0,NA,NA,NA
427,50,4,1,4,3,4,3,3,3,3,3,1,5,4,3,0,3.1666666666666665,3.1666666666666665,3.1666666666666665
428,24,2,0,3,1,4,3,2,4,3,4,4,5,5,5,0,2.8333333333333335,2.8333333333333335,2.8333333333333335
429,25,3,0,5,3,4,3,4,4,4,5,5,5,5,5,1,3.6666666666666665,3.6666666666666665,3.6666666666666665
430,29,4,1,3,3,3,NA,NA,4,3,5,5,6,6,3,0,NA,3.25,3.25
431,31,1,0,3,3,3,3,4,4,4,3,3,3,3,2,0,3.5,3.5,3.5
432,44,4,1,3,5,3,NA,NA,5,1,4,4,4,4,1,0,NA,3.5,3.5
433,49,5,1,4,4,4,4,5,4,5,6,6,6,6,6,0,4.333333333333333,4.333333333333333,4.333333333333333
434,47,4,1,3,2,1,2,1,NA,2,1,1,1,1,1,0,NA,1.6,1.6
435,34,1,1,4,3,4,4,3,3,3,3,3,4,4,4,0,3.3333333333333335,3.3333333333333335,3.3333333333333335
436,60,7,0,2,3,2,3,4,3,3,4,4,4,6,5,0,3,3,3
437,24,1,0,5,4,4,4,4,4,4,5,6,5,4,3,1,4,4,4
438,35,1,0,6,3,5,3,4,4,5,5,5,5,4,6,1,4,4,4
439,38,1,0,6,3,5,4,5,5,5,4,5,6,5,4,1,4.5,4.5,4.5
440,23,1,0,5,3,4,3,4,1,3,3,3,4,3,3,1,3,3,3
441,36,4,1,5,4,3,5,3,5,4,4,4,5,6,4,1,4,4,4
442,24,4,0,4,2,1,3,1,1,1,2,2,3,1,3,0,1.5,1.5,1.5
443,25,4,0,4,3,2,4,2,4,2,6,6,7,7,4,0,2.8333333333333335,2.8333333333333335,2.8333333333333335
451,42,4,1,5,4,3,2,3,3,4,3,2,4,3,3,1,3.1666666666666665,3.1666666666666665,3.1666666666666665
452,27,4,0,5,3,4,4,4,3,4,5,6,6,6,6,1,3.6666666666666665,3.6666666666666665,3.6666666666666665
453,20,1,0,3,3,4,3,4,5,5,4,6,4,2,2,0,4,4,4
454,30,4,1,4,3,3,4,4,4,4,3,2,2,6,4,0,3.6666666666666665,3.6666666666666665,3.6666666666666665
455,42,6,0,6,5,4,2,4,5,3,1,4,1,7,1,1,3.8333333333333335,3.8333333333333335,3.8333333333333335
456,24,1,0,5,2,3,4,4,4,4,5,5,5,4,4,1,3.5,3.5,3.5
457,51,5,1,6,3,5,3,3,4,4,3,3,6,6,1,1,3.6666666666666665,3.6666666666666665,3.6666666666666665
458,50,6,1,6,3,5,2,3,3,2,2,2,2,2,2,1,3,3,3
459,32,3,1,4,3,5,NA,4,4,5,5,5,5,5,3,0,NA,4.2,4.2
460,35,7,1,4,4,5,4,5,4,5,5,5,5,5,3,0,4.5,4.5,4.5
461,21,1,0,4,1,2,2,2,2,1,3,3,4,4,2,0,1.6666666666666667,1.6666666666666667,1.6666666666666667
462,44,4,1,6,2,5,4,5,5,5,5,6,6,7,5,1,4.333333333333333,4.333333333333333,4.333333333333333
463,19,1,0,3,3,3,5,4,3,2,5,6,6,5,3,0,3.3333333333333335,3.3333333333333335,3.3333333333333335
464,36,4,1,6,4,5,5,5,4,2,6,6,6,6,5,1,4.166666666666667,4.166666666666667,4.166666666666667
465,25,1,0,4,3,3,3,3,4,4,2,3,3,2,1,0,3.3333333333333335,3.3333333333333335,3.3333333333333335
466,47,5,1,6,4,4,4,4,4,3,5,5,5,6,3,1,3.8333333333333335,3.8333333333333335,3.8333333333333335
467,21,1,0,3,4,5,4,5,4,4,6,7,5,4,3,0,4.333333333333333,4.333333333333333,4.333333333333333
468,45,5,0,3,2,NA,NA,NA,5,5,5,5,5,5,2,0,NA,4,4
469,55,6,0,5,3,5,3,4,3,4,1,1,3,4,5,1,3.6666666666666665,3.6666666666666665,3.6666666666666665
470,49,5,1,2,4,5,4,5,5,4,5,5,5,5,5,0,4.5,4.5,4.5
476,61,4,0,2,5,5,5,5,5,5,5,6,7,7,7,0,5,5,5
477,36,2,0,3,3,2,2,2,3,3,5,5,5,4,2,0,2.5,2.5,2.5
478,21,1,0,5,5,4,4,4,3,3,5,6,6,6,6,1,3.8333333333333335,3.8333333333333335,3.8333333333333335
479,53,4,0,4,3,4,4,5,4,2,2,2,2,2,2,0,3.6666666666666665,3.6666666666666665,3.6666666666666665
480,29,1,1,4,3,4,4,4,5,5,3,4,4,2,3,0,4.166666666666667,4.166666666666667,4.166666666666667
481,39,4,1,4,4,NA,4,5,4,4,2,4,6,7,7,0,NA,4.2,4.2
482,20,1,0,4,4,2,3,3,3,4,5,4,4,5,4,0,3.1666666666666665,3.1666666666666665,3.1666666666666665
483,40,4,1,5,2,2,3,4,5,3,2,2,2,2,2,1,3.1666666666666665,3.1666666666666665,3.1666666666666665
484,31,4,1,5,2,4,2,4,3,2,2,2,2,2,2,1,2.8333333333333335,2.8333333333333335,2.8333333333333335
485,25,7,0,5,4,5,4,2,4,4,5,5,6,6,6,1,3.8333333333333335,3.8333333333333335,3.8333333333333335
486,24,1,0,3,5,2,4,4,4,3,6,7,5,4,3,0,3.6666666666666665,3.6666666666666665,3.6666666666666665
487,31,4,1,3,1,3,2,2,5,4,2,2,3,7,1,0,2.8333333333333335,2.8333333333333335,2.8333333333333335
488,41,4,1,3,3,5,5,2,4,4,1,5,4,7,4,0,3.8333333333333335,3.8333333333333335,3.8333333333333335
489,27,2,0,4,1,3,3,4,4,5,4,5,5,4,1,0,3.3333333333333335,3.3333333333333335,3.3333333333333335
490,22,1,0,5,5,5,5,5,5,5,5,7,7,7,7,1,5,5,5
491,57,4,0,4,1,3,NA,3,1,1,1,1,1,3,1,0,NA,1.8,1.8
492,35,4,1,4,2,2,3,3,3,4,6,5,6,5,3,0,2.8333333333333335,2.8333333333333335,2.8333333333333335
493,28,4,1,6,3,3,5,5,5,4,2,2,2,5,3,1,4.166666666666667,4.166666666666667,4.166666666666667
494,21,2,0,2,3,4,3,4,3,4,5,3,3,4,4,0,3.5,3.5,3.5
495,60,4,1,6,5,2,NA,NA,NA,NA,6,3,6,6,2,1,NA,3.5,NA
496,31,3,1,3,4,3,4,4,5,3,5,5,3,3,1,0,3.8333333333333335,3.8333333333333335,3.8333333333333335
497,48,4,0,3,2,5,3,3,3,4,3,3,4,4,5,0,3.3333333333333335,3.3333333333333335,3.3333333333333335
498,25,2,0,6,4,5,3,5,5,4,4,6,5,6,7,1,4.333333333333333,4.333333333333333,4.333333333333333
499,36,1,0,5,3,5,5,3,5,5,3,3,6,2,2,1,4.333333333333333,4.333333333333333,4.333333333333333
500,22,1,0,4,1,3,3,3,3,2,2,2,2,3,1,0,2.5,2.5,2.5
501,62,4,1,2,NA,5,5,5,5,5,5,4,3,5,6,0,NA,5,5
502,28,3,0,4,4,2,4,3,5,5,5,5,5,5,4,0,3.8333333333333335,3.8333333333333335,3.8333333333333335
503,63,4,0,4,3,3,3,3,4,2,4,4,5,6,6,0,3,3,3
504,48,4,1,4,3,5,4,5,4,3,4,4,4,5,6,0,4,4,4
505,33,8,1,4,1,2,2,3,4,4,2,3,5,6,2,0,2.6666666666666665,2.6666666666666665,2.6666666666666665
506,60,7,0,4,3,4,3,2,4,4,3,1,2,3,2,0,3.3333333333333335,3.3333333333333335,3.3333333333333335
507,46,3,0,4,1,1,1,2,2,1,3,3,3,5,3,0,1.3333333333333333,1.3333333333333333,1.3333333333333333
508,26,3,1,5,4,4,4,4,4,4,3,4,5,5,3,1,4,4,4
509,42,4,1,2,4,2,4,5,4,5,5,5,5,6,5,0,4,4,4
510,50,6,0,5,2,3,3,3,3,2,3,1,5,5,3,1,2.6666666666666665,2.6666666666666665,2.6666666666666665
511,21,1,0,5,3,4,4,4,4,5,2,4,4,4,2,1,4,4,4
512,18,2,0,3,3,2,3,4,5,5,5,6,6,6,5,0,3.6666666666666665,3.6666666666666665,3.6666666666666665
513,67,4,0,3,4,4,4,4,5,5,5,6,4,5,3,0,4.333333333333333,4.333333333333333,4.333333333333333
514,62,4,0,4,3,NA,3,2,4,5,3,3,4,5,4,0,NA,3.4,3.4
515,26,3,0,5,5,5,4,4,5,4,5,5,6,6,3,1,4.5,4.5,4.5
516,40,4,0,3,NA,3,4,4,4,2,5,4,5,2,1,0,NA,3.4,3.4
517,18,1,0,3,3,2,3,4,4,3,3,6,6,5,5,0,3.1666666666666665,3.1666666666666665,3.1666666666666665
518,39,7,1,5,4,4,3,NA,NA,4,4,3,3,2,2,1,NA,3.75,3.75
519,21,2,0,5,4,4,4,4,4,3,5,5,6,6,5,1,3.8333333333333335,3.8333333333333335,3.8333333333333335
520,52,4,1,2,NA,NA,NA,NA,NA,NA,NA,NA,NA,NA,NA,0,NA,NA,NA
526,28,4,0,2,2,4,3,4,1,3,5,6,5,4,4,0,2.8333333333333335,2.8333333333333335,2.8333333333333335
527,47,5,1,4,3,5,4,3,3,5,6,6,4,7,4,0,3.8333333333333335,3.8333333333333335,3.8333333333333335
528,27,4,0,5,3,2,2,2,3,3,2,6,3,4,1,1,2.5,2.5,2.5
529,41,5,1,4,2,2,4,2,3,2,2,2,3,5,3,0,2.5,2.5,2.5
530,25,1,0,5,4,4,4,5,3,3,6,6,6,6,6,1,3.8333333333333335,3.8333333333333335,3.8333333333333335
531,26,4,1,5,2,5,5,5,4,5,4,5,4,4,2,1,4.333333333333333,4.333333333333333,4.333333333333333
532,56,8,1,5,3,5,4,5,5,5,4,4,4,5,6,1,4.5,4.5,4.5
533,38,1,0,5,4,2,5,3,4,1,5,4,3,4,2,1,3.1666666666666665,3.1666666666666665,3.1666666666666665
534,39,4,1,4,1,5,NA,NA,NA,NA,5,6,5,6,2,0,NA,3,NA
535,46,7,0,4,3,4,4,4,4,5,5,6,5,5,3,0,4,4,4
536,24,4,0,4,5,5,5,5,4,2,7,7,7,7,7,0,4.333333333333333,4.333333333333333,4.333333333333333
537,27,2,0,6,1,1,4,NA,NA,NA,5,6,6,6,6,1,NA,2,2
538,28,3,0,3,5,4,4,5,5,5,7,7,7,7,7,0,4.666666666666667,4.666666666666667,4.666666666666667
539,28,3,0,4,5,NA,3,2,4,3,6,6,5,5,3,0,NA,3.4,3.4
540,36,4,1,4,3,5,3,5,4,2,5,5,5,7,5,0,3.6666666666666665,3.6666666666666665,3.6666666666666665
541,50,4,1,6,3,4,3,4,4,4,3,4,1,3,3,1,3.6666666666666665,3.6666666666666665,3.6666666666666665
542,26,3,0,5,2,4,4,3,5,3,6,5,5,3,4,1,3.5,3.5,3.5
543,42,6,0,6,4,5,1,1,5,2,5,5,1,4,5,1,3,3,3
544,23,2,0,4,3,4,4,3,4,4,2,4,4,4,3,0,3.6666666666666665,3.6666666666666665,3.6666666666666665
545,28,4,1,3,5,3,4,3,4,2,6,6,7,7,7,0,3.5,3.5,3.5
546,58,4,1,6,4,5,4,5,4,5,7,7,7,7,7,1,4.5,4.5,4.5
700,44,4,1,5,4,2,4,3,3,3,5,5,5,5,4,1,3.1666666666666665,3.1666666666666665,3.1666666666666665
701,47,4,1,4,3,1,2,3,4,4,5,3,3,2,1,0,2.8333333333333335,2.8333333333333335,2.8333333333333335
702,46,4,1,6,4,5,4,5,5,5,5,5,5,5,5,1,4.666666666666667,4.666666666666667,4.666666666666667
