age,ed,employ,address,income,debtinc,creddebt,othdebt,default,preddef1,preddef2
27,1,10,6,31,17.3,1.362202,4.000798,0,0.198297476,0.128445387
40,1,15,14,55,5.5,0.856075,2.168925,0,0.010036108,0.002986778
41,1,15,14,120,2.9,2.65872,0.82128,0,0.022138284,0.010273265
41,2,5,5,25,10.2,0.3927,2.1573,0,0.216708941,0.328194657
39,1,20,9,67,30.6,3.833874,16.668126,0,0.185960108,0.179255713
43,1,12,11,38,3.6,0.128592,1.239408,0,0.014708653,0.010572668
36,1,0,13,25,19.7,2.7777,2.1473,0,0.815057013,0.797227451
27,1,0,1,16,1.7,0.182512,0.089488,0,0.350309226,0.610511356
25,1,4,0,23,5.2,0.252356,0.943644,0,0.239053902,0.21902365
52,1,24,14,64,10,3.9296,2.4704,0,0.009790173,0.006284684
37,1,6,9,29,16.3,1.715901,3.011099,0,0.364494048,0.340467556
48,1,22,15,100,9.1,3.7037,5.3963,0,0.011873904,0.00771407
43,1,23,19,72,7.6,1.181952,4.290048,0,0.001404871,0.000564
39,1,6,9,61,5.7,0.563274,2.913726,0,0.10414539,0.092729659
41,3,0,21,26,1.7,0.099008,0.342992,0,0.091918014,0.086910591
39,1,22,3,52,3.2,1.154816,0.509184,0,0.004373536,0.001644741
47,1,17,21,43,5.6,0.587552,1.820448,0,0.003047352,0.002013761
28,1,3,6,26,10,0.4316,2.1684,0,0.29393218,0.236041925
29,1,8,6,27,9.8,0.402192,2.243808,0,0.10679962,0.204130577
25,4,0,2,32,17.6,2.14016,3.49184,0,0.861313401,0.773743766
45,2,9,26,69,6.7,0.707319,3.915681,0,0.016461158,0.015200716
43,1,25,21,64,16.7,0.951232,9.736768,0,0.001437993,0.000641928
33,2,12,8,58,18.4,3.084208,7.587792,0,0.276706675,0.2195326
26,3,2,1,37,14.2,0.204906,5.049094,0,0.503321867,0.479453766
45,1,3,15,20,2.1,0.105,0.315,0,0.076419585,0.052918595
30,1,1,10,22,10.5,1.13883,1.17117,0,0.433699425,0.405229109
27,3,2,7,26,6,0.72228,0.83772,0,0.288738876,0.233062013
25,1,8,4,27,14.4,1.018656,2.869344,0,0.231100684,0.17780252
25,1,8,1,35,2.9,0.07714,0.93786,0,0.074957196,0.048004273
26,2,6,7,45,26,6.0489,5.6511,0,0.950053517,0.946420104
30,2,10,4,22,16.1,1.409716,2.132284,0,0.211956404,0.25417611
32,2,12,1,54,14.4,3.195936,4.580064,0,0.335996915,0.417417714
45,1,23,5,50,4.2,0.5586,1.5414,0,0.002268754,0.001460487
23,1,7,2,31,6.6,0.33759,1.70841,0,0.132878207,0.09741936
34,1,17,3,59,8,1.80776,2.91224,0,0.031768543,0.062261648
42,2,7,23,41,4.6,0.941114,0.944886,0,0.031903479,0.030790535
39,1,19,5,48,13.1,1.930416,4.357584,0,0.028079331,0.010296306
21,2,0,1,16,6.8,0.150144,0.937856,0,0.453616874,0.376452011
35,1,13,15,35,4.5,0.43155,1.14345,0,0.010781889,0.007037645
47,1,4,2,26,10.4,0.12168,2.58232,0,0.281657373,0.363860691
35,1,18,2,42,7.4,0.205128,2.902872,0,0.010460718,0.004324238
46,1,1,12,20,14,0.8092,1.9908,0,0.423307926,0.324986169
38,3,3,18,25,3.7,0.311725,0.613275,0,0.077552472,0.108528533
40,2,3,2,28,9.5,0.55328,2.10672,0,0.371499068,0.447742552
35,1,9,1,34,5,0.3978,1.3022,0,0.084213855,0.091049486
39,2,16,13,69,2.4,1.061496,0.594504,0,0.007327603,0.007104518
40,3,18,6,100,2.5,1.485,1.015,0,0.010213931,0.006116303
50,3,10,20,80,12.2,2.47904,7.28096,0,0.087494389,0.149857043
31,1,9,10,28,2.4,0.047712,0.624288,0,0.027984371,0.020542903
37,1,4,0,23,12.4,0.86986,1.98214,0,0.457968087,0.461772014
33,2,4,9,55,7,2.15985,1.69015,0,0.345876956,0.356814445
26,2,5,7,28,7.8,1.024296,1.159704,0,0.214606864,0.234923122
39,1,19,8,46,9.1,2.515786,1.670214,0,0.021761157,0.011729194
34,2,3,8,21,23.1,1.401939,3.449061,0,0.66227335,0.71664839
28,2,5,9,34,23.8,3.099236,4.992764,0,0.757924601,0.793200729
47,1,26,21,100,12.8,4.5824,8.2176,0,0.006373247,0.010738822
43,4,1,5,26,10.6,1.518556,1.237444,0,0.590458992,0.623037421
41,1,13,10,44,1.7,0.07106,0.67694,0,0.01028708,0.006529237
47,1,13,25,51,23.8,3.738504,8.399496,0,0.150194268,0.12329653
24,1,2,1,21,0.6,0.025074,0.100926,0,0.215822125,0.195944565
29,1,1,9,17,6.7,0.157182,0.981818,0,0.25285873,0.175985099
33,1,14,2,37,2.6,0.199134,0.762866,0,0.017874671,0.038936235
36,1,15,10,39,3.2,0.6864,0.5616,0,0.010284967,0.002976564
31,1,11,12,45,17,2.7387,4.9113,0,0.203463001,0.128282068
37,1,7,3,32,19.6,2.69696,3.57504,0,0.632367845,0.513087736
35,4,4,16,29,11,1.84382,1.34618,0,0.26231921,0.301699866
26,1,4,3,20,5.4,0.3186,0.7614,0,0.206525269,0.15847134
40,1,10,15,45,18.8,2.01348,6.44652,0,0.164846926,0.34095898
37,3,5,17,29,24.6,1.405398,5.728602,0,0.39925216,0.491251255
32,1,12,12,28,2.9,0.116116,0.695884,0,0.012683582,0.007071018
32,1,3,10,23,6.2,0.052762,1.373238,0,0.147564686,0.100818111
38,1,5,5,54,10.6,1.499688,4.224312,0,0.350841941,0.644979072
36,1,17,6,54,4.4,0.727056,1.648944,0,0.009974171,0.005099575
42,3,13,0,82,3.3,1.315116,1.390884,0,0.052153417,0.050928469
41,1,14,8,52,7.3,0.926224,2.869776,0,0.025029966,0.062493925
29,2,4,9,19,6.3,0.681093,0.515907,0,0.175617819,0.211581442
39,1,22,9,113,2.6,0.987168,1.950832,0,0.002319006,0.000980995
36,1,6,9,26,8.3,0.030212,2.127788,0,0.097269317,0.052247725
33,1,8,7,27,5.8,0.776736,0.789264,0,0.087579391,0.055953803
42,2,21,11,121,3.1,1.365364,2.385636,0,0.003258095,0.001523577
41,2,22,17,75,23.6,9.8766,7.8234,0,0.55797995,0.51869825
40,1,8,17,28,3.6,0.53424,0.47376,0,0.029622628,0.018402998
28,1,4,7,26,13.5,1.29519,2.21481,0,0.402168635,0.27955883
36,2,12,13,60,7.9,1.72062,3.01938,0,0.044141189,0.027376563
34,2,9,13,45,10.1,1.11807,3.42693,0,0.075963664,0.070538531
45,3,2,5,39,4.9,0.45864,1.45236,0,0.27146857,0.505466958
38,1,6,0,41,8.9,0.266377,3.382623,0,0.212746463,0.27691532
21,3,0,2,24,7.7,0.833448,1.014552,0,0.550739476,0.604540493
42,1,12,11,51,21.4,2.411994,8.502006,0,0.209992446,0.208271905
52,1,16,25,64,8.6,1.865856,3.638144,0,0.007573119,0.004591302
25,2,4,6,33,5.2,0.552552,1.163448,0,0.186436296,0.168707794
34,2,9,9,65,6.2,2.10769,1.92231,0,0.124476666,0.084383574
40,2,15,16,73,3.4,1.032512,1.449488,0,0.007858798,0.005973786
45,1,12,19,37,9.5,1.34273,2.17227,0,0.025630849,0.016444769
28,1,5,9,22,2.8,0.140448,0.475552,0,0.082591673,0.026850152
41,1,7,11,43,4.4,0.694364,1.197636,0,0.069350363,0.031009727
29,2,9,3,36,1.4,0.127008,0.376992,0,0.046449024,0.031841712
21,1,5,1,25,9,0.36675,1.88325,0,0.253362895,0.089802219
41,2,19,2,68,5.8,1.506608,2.437392,0,0.014954269,0.016607627
26,4,1,7,27,2.9,0.311634,0.471366,0,0.237244793,0.270131069
33,1,5,10,18,12.9,0.984528,1.337472,0,0.247174208,0.127883764
45,2,18,19,35,17.4,0.5481,5.5419,0,0.007755268,0.010033574
39,1,17,20,60,13.7,2.44956,5.77044,0,0.019316349,0.012204467
24,1,7,2,21,6.3,0.519939,0.803061,0,0.142126299,0.249342059
29,2,6,7,57,2.2,0.452694,0.801306,0,0.086132842,0.074210487
27,2,1,0,23,12.4,0.2852,2.5668,0,0.555831125,0.620352161
40,1,13,2,28,5.9,0.964768,0.687232,0,0.045924259,0.04499478
29,1,8,10,24,6.7,0.469536,1.138464,0,0.06393147,0.038886574
41,3,16,22,135,4.4,1.2771,4.6629,0,0.004773514,0.003378036
31,1,11,8,25,9.1,0.14105,2.13395,0,0.038215022,0.020467976
41,1,16,17,68,5.4,0.447984,3.224016,0,0.004866627,0.00324635
42,2,5,3,41,3.4,0.35547,1.03853,0,0.148805103,0.238975415
28,4,1,3,26,12.4,0.377208,2.846792,0,0.508310142,0.415349744
30,4,2,8,25,10,1.77,0.73,0,0.492661935,0.368159111
30,1,11,1,33,8.4,0.681912,2.090088,0,0.082510356,0.071623801
31,1,8,4,44,8,1.72128,1.79872,0,0.20352443,0.080861355
45,2,15,14,51,18.1,1.550808,7.680192,0,0.043887781,0.041224974
36,1,4,10,23,16.3,1.327146,2.421854,0,0.407401838,0.419642221
28,1,8,6,30,7.2,0.61344,1.54656,0,0.096886769,0.031292801
27,2,3,5,33,13.2,1.6335,2.7225,0,0.543892442,0.6137206
36,3,13,3,39,19.2,2.800512,4.687488,0,0.291280834,0.397056945
33,1,12,11,32,11.3,2.104512,1.511488,0,0.083734884,0.042662627
31,1,9,5,26,4.5,0.31005,0.85995,0,0.057010523,0.034512275
21,1,4,0,26,8.9,1.420796,0.893204,0,0.459644699,0.386675592
28,3,5,9,44,8.7,0.773256,3.054744,0,0.178833144,0.201825906
32,1,8,6,26,4.1,0.326196,0.739804,0,0.064735376,0.048758032
39,1,4,9,38,6.5,1.17819,1.29181,0,0.22376914,0.21940023
41,4,14,3,44,1.7,0.353056,0.394944,0,0.016645617,0.025675917
34,1,16,9,79,4,1.73484,1.42516,0,0.017011317,0.003935929
29,1,7,9,22,9.7,0.550572,1.583428,0,0.114173674,0.037550369
31,1,4,10,28,11.3,0.291088,2.872912,0,0.196279989,0.095578229
32,1,14,7,73,8.8,3.751616,2.672384,0,0.13826888,0.093288168
33,1,6,14,21,7.5,0.567,1.008,0,0.083386244,0.161620713
26,1,6,0,22,10.3,0.720588,1.545412,0,0.284018712,0.123215218
21,1,1,1,18,17.3,0.158814,2.955186,0,0.623187919,0.353435211
28,2,7,2,34,7,0.35938,2.02062,0,0.138482166,0.176031154
37,1,13,5,24,8.9,0.602352,1.533648,0,0.038407057,0.026458542
39,1,12,10,46,5,0.5612,1.7388,0,0.022937016,0.020220481
40,2,8,19,57,5.6,0.8778,2.3142,0,0.036325099,0.024534602
45,3,16,21,80,3,0.912,1.488,0,0.00371588,0.002102101
27,1,10,6,34,6.5,0.85085,1.35915,0,0.066406126,0.113108068
28,4,0,7,29,24.2,1.424654,5.593346,0,0.830980201,0.763616877
39,1,13,9,27,8,0.96552,1.19448,0,0.031778305,0.07587688
27,1,11,8,56,16.9,4.63736,4.82664,0,0.509822397,0.39901524
36,1,1,4,16,9.3,0.433008,1.054992,0,0.428088338,0.292462181
55,1,19,2,78,15.6,4.404816,7.763184,0,0.159492261,0.235432128
30,1,1,8,17,11,0.74613,1.12387,0,0.42918787,0.375867605
33,2,13,2,40,7.2,0.18144,2.69856,0,0.033315528,0.035681029
30,1,4,0,33,4.2,0.500346,0.885654,0,0.248983269,0.226450054
33,4,9,10,28,4.3,0.376852,0.827148,0,0.039489785,0.045414663
50,1,8,27,47,6.9,0.398889,2.844111,0,0.016498048,0.013644465
28,1,3,7,19,4.1,0.260965,0.518035,0,0.171340842,0.080964909
48,4,3,23,45,9.8,0.97461,3.43539,0,0.123029942,0.100988361
36,2,0,17,30,9.7,0.32883,2.58117,0,0.244597739,0.277068486
29,3,7,1,63,5.5,0.571725,2.893275,0,0.147111842,0.116072322
40,3,17,11,116,6,2.56128,4.39872,0,0.021631707,0.021438403
33,1,7,6,26,6,0.54288,1.01712,0,0.105641296,0.10037654
26,2,6,6,30,1,0.1437,0.1563,0,0.07152331,0.078201795
36,1,14,11,81,7.2,1.784592,4.047408,0,0.031582724,0.018105121
26,2,6,0,35,1.9,0.085785,0.579215,0,0.116110042,0.085947344
40,3,16,6,116,12.1,1.61414,12.42186,0,0.040419499,0.037520119
29,3,1,10,30,4.5,0.27945,1.07055,0,0.216056677,0.173714334
34,1,16,3,75,10.4,3.9546,3.8454,0,0.150278135,0.101876132
34,3,12,8,47,6.7,1.300537,1.848463,0,0.046725353,0.032650704
46,1,14,25,35,10.2,1.34946,2.22054,0,0.010508365,0.005614504
41,2,21,22,145,12.2,3.23727,14.45273,0,0.008652432,0.004317511
28,1,11,6,24,2.4,0.107136,0.468864,0,0.024749477,0.007026596
48,3,0,27,19,10.8,0.849528,1.202472,0,0.175862051,0.283573345
48,3,17,26,113,12,3.37644,10.18356,0,0.017400141,0.020131339
23,1,5,2,17,7.9,0.302175,1.040825,0,0.214822699,0.077983534
29,2,10,8,44,18.1,3.70326,4.26074,0,0.463210356,0.488731555
40,4,5,6,75,1.9,0.884925,0.540075,0,0.139822706,0.102652005
22,2,0,3,20,5.6,0.2072,0.9128,0,0.396089607,0.454842797
23,1,7,3,22,14.4,0.849024,2.318976,0,0.273793182,0.208687754
46,3,9,10,60,15.3,1.6065,7.5735,0,0.180065459,0.225447814
38,2,8,16,38,0.6,0.029412,0.198588,0,0.018670449,0.018030279
35,2,5,1,33,2.8,0.103488,0.820512,0,0.144444216,0.15002056
30,1,11,9,27,0.9,0.073872,0.169128,0,0.016805734,0.030255164
24,1,7,0,18,6.5,0.5265,0.6435,0,0.166056569,0.099212121
26,2,4,3,28,9.5,0.2261,2.4339,0,0.261708344,0.321010838
37,2,11,4,75,3.5,0.632625,1.992375,0,0.042565976,0.03238395
30,2,4,4,21,18.3,0.491904,3.351096,0,0.452815178,0.500954127
30,1,10,11,39,9.5,2.056275,1.648725,0,0.109683943,0.062653926
32,2,7,10,32,4.3,0.43344,0.94256,0,0.064537075,0.044971373
54,3,21,20,118,14.4,9.60048,7.39152,0,0.323345485,0.414907411
27,3,3,4,35,13.3,1.60132,3.05368,0,0.561599459,0.640896015
31,1,12,4,31,23.7,2.05716,5.28984,0,0.31939389,0.285322818
39,1,15,16,39,1.8,0.139698,0.562302,0,0.004106623,0.001954793
31,1,5,3,25,14.1,1.17735,2.34765,0,0.418577534,0.663947979
35,1,15,11,40,18.5,1.2136,6.1864,0,0.047633401,0.026217285
35,2,10,16,98,13.3,4.874716,8.159284,0,0.365904699,0.260459337
46,2,22,17,144,11.1,3.324672,12.659328,0,0.009712251,0.011061979
35,2,13,3,105,1.9,1.418445,0.576555,0,0.038861843,0.038898369
35,2,1,1,21,7.9,0.369957,1.289043,0,0.448775393,0.642331873
38,1,5,13,21,9,0.44982,1.44018,0,0.118354747,0.087633223
41,1,19,1,96,7.8,2.253888,5.234112,0,0.02926326,0.011173033
38,1,18,19,44,4.5,0.60588,1.37412,0,0.002580654,0.000995044
34,3,2,14,39,13.2,1.142856,4.005144,0,0.355780256,0.446220968
51,3,16,25,82,4.4,2.604976,1.003024,0,0.007980406,0.00509475
34,2,10,2,33,9.5,0.573705,2.561295,0,0.098653675,0.119518762
47,1,15,1,30,24.5,2.21235,5.13765,0,0.253301788,0.31538717
34,2,8,6,78,5.4,2.156544,2.055456,0,0.181385449,0.132385474
27,2,8,7,18,11.9,0.400554,1.741446,0,0.117048612,0.128219109
39,1,9,6,35,5,0.23275,1.51725,0,0.052788742,0.024413337
33,1,7,0,22,6.4,0.630784,0.777216,0,0.173229595,0.104769608
34,1,0,1,21,7.2,0.187488,1.324512,0,0.467704327,0.464661008
28,1,2,9,16,15.2,0.870656,1.561344,0,0.458362624,0.219447681
39,1,19,16,45,3.7,0.91575,0.74925,0,0.002874355,0.00068932
51,2,22,23,120,7.6,4.14048,4.97952,0,0.007008789,0.006794288
22,1,4,1,16,1.2,0.08448,0.10752,0,0.155989276,0.282033481
27,3,6,4,26,10.4,0.930176,1.773824,0,0.245885978,0.293363236
32,1,16,10,38,21,0.69426,7.28574,0,0.037917669,0.019013301
28,2,6,7,38,7.2,0.774288,1.961712,0,0.149797684,0.102839418
32,1,14,0,36,2.4,0.273024,0.590976,0,0.021474981,0.015264129
39,1,13,1,38,8.9,1.897302,1.484698,0,0.104017285,0.115730879
31,1,8,3,41,12.6,0.134316,5.031684,0,0.143506531,0.101917147
29,2,1,7,25,10.4,0.5694,2.0306,0,0.411408484,0.444977561
29,1,9,0,25,13.9,1.0703,2.4047,0,0.243375047,0.170331589
35,2,9,16,30,7.6,0.6498,1.6302,0,0.038007722,0.033805443
29,1,11,7,32,6,0.92736,0.99264,0,0.048921066,0.033822965
35,1,16,15,36,3.4,0.178704,1.045296,0,0.00411573,0.000987381
29,1,11,5,36,6.1,0.709308,1.486692,0,0.051124454,0.031544593
23,2,3,4,34,4.4,0.2618,1.2342,0,0.213247671,0.145669067
33,4,9,8,32,5.5,0.49632,1.26368,0,0.05444625,0.030980508
51,2,19,25,159,2.8,1.06848,3.38352,0,0.001396786,0.001035637
24,1,4,2,21,2.6,0.099372,0.446628,0,0.162803192,0.059987225
45,1,10,14,52,5.4,0.932256,1.875744,0,0.034103263,0.014566765
29,1,3,1,17,9,0.46971,1.06029,0,0.368987147,0.625453366
34,1,0,10,20,17.1,2.04858,1.37142,0,0.746431409,0.724004632
37,1,20,2,56,1.9,0.54264,0.52136,0,0.004835705,0.009644792
43,2,6,24,54,9.6,0.62208,4.56192,0,0.047755066,0.036403334
47,1,22,19,81,5.5,1.50579,2.94921,0,0.001790251,0.000460607
24,1,6,2,21,5.2,0.108108,0.983892,0,0.131448196,0.089581316
27,3,5,1,75,6.3,2.206575,2.518425,0,0.434169437,0.351187187
25,1,9,4,18,1.2,0.06588,0.15012,0,0.040864821,0.029102067
36,3,11,12,44,14.7,0.446292,6.021708,0,0.053083328,0.07047741
39,1,16,20,57,19.4,1.559178,9.498822,0,0.02432161,0.015141399
26,1,10,1,25,7.1,1.3064,0.4686,0,0.127523452,0.070363277
41,1,4,19,25,10.1,1.0605,1.4645,0,0.141126328,0.101949193
37,1,18,8,54,12.1,4.593402,1.940598,0,0.108344949,0.057386242
42,1,6,9,31,11.6,1.02486,2.57114,0,0.20314877,0.188032379
31,4,1,6,29,11.1,1.065489,2.153511,0,0.517279211,0.4273449
36,1,4,15,17,17.3,0.520557,2.420443,0,0.239604068,0.104515187
39,1,16,4,52,20,4.16,6.24,0,0.299723745,0.154597415
23,4,0,2,23,6.7,0.468464,1.072536,0,0.476581439,0.537183863
39,1,4,15,33,7,0.39732,1.91268,0,0.105777971,0.244171828
24,1,8,4,24,5,0.3816,0.8184,0,0.083413644,0.142736113
41,1,16,22,49,1.6,0.4312,0.3528,0,0.00230186,0.00111286
40,1,12,6,89,17.4,2.771994,12.714006,0,0.256253988,0.274811794
40,1,2,4,32,3.7,0.853664,0.330336,0,0.313133405,0.212884999
29,1,1,8,31,8,0.15624,2.32376,0,0.29152871,0.240067222
30,1,8,6,23,12,0.76176,1.99824,0,0.151403124,0.093440508
29,1,1,1,18,1.1,0.029898,0.168102,0,0.268806605,0.225102132
28,4,0,5,38,10.4,0.636272,3.315728,0,0.521302284,0.417017104
39,2,16,9,89,14.3,5.001711,7.725289,0,0.218289587,0.228453637
32,1,11,2,53,3.3,0.089199,1.659801,0,0.036272593,0.030092022
36,2,7,16,43,15.4,2.6488,3.9732,0,0.286566585,0.285974118
39,1,20,12,39,8.2,0.773916,2.424084,0,0.004274793,0.007952683
46,1,6,19,31,12.2,1.98555,1.79645,0,0.171398126,0.164192826
30,2,4,8,15,6.5,0.350025,0.624975,0,0.16285642,0.17347178
39,2,15,19,32,4.9,0.421792,1.146208,0,0.004969225,0.005018385
44,2,18,4,74,13.4,4.521696,5.394304,0,0.153278133,0.197675848
24,2,3,0,19,4.3,0.358663,0.458337,0,0.282154086,0.350680371
32,1,10,13,32,11.3,1.167968,2.448032,0,0.068715951,0.120385783
29,2,3,8,15,2.6,0.14664,0.24336,0,0.135250938,0.144113048
40,2,2,1,36,3.8,0.277704,1.090296,0,0.296718847,0.368624035
41,2,8,21,43,0.7,0.085785,0.215215,0,0.013034113,0.008565768
22,1,1,3,17,18.6,0.80631,2.35569,0,0.695587078,0.472445269
38,1,10,8,34,1.2,0.036312,0.371688,0,0.023196482,0.057983535
37,2,6,13,62,8.5,1.18575,4.08425,0,0.133177879,0.175572672
32,3,9,10,51,23,2.68617,9.04383,0,0.445813049,0.394715561
21,3,0,1,26,7.7,1.529528,0.472472,0,0.664576704,0.589680447
29,1,13,7,27,2.3,0.068931,0.552069,0,0.013774721,0.003668825
35,2,14,3,82,0.8,0.468384,0.187616,0,0.016428385,0.017446315
29,1,6,7,21,18.1,1.109892,2.691108,0,0.35852255,0.551897739
41,2,2,22,30,6.7,0.11256,1.89744,0,0.082581273,0.118554053
32,2,3,13,47,1.9,0.42864,0.46436,0,0.103239614,0.069547044
36,5,5,12,20,8.1,0.729,0.891,0,0.136304593,0.221719113
39,2,18,9,44,2.1,0.367752,0.556248,0,0.004098773,0.002624873
36,1,18,9,67,11.2,5.245296,2.258704,0,0.130685583,0.07594148
46,3,22,4,99,2.3,0.826551,1.450449,0,0.003089718,0.002249798
34,1,13,11,51,9.6,1.875168,3.020832,0,0.051333437,0.014933337
27,1,7,4,26,9.1,0.641186,1.724814,0,0.161974309,0.114125963
43,1,8,11,45,3.3,0.67716,0.80784,0,0.049913541,0.038821953
39,2,20,17,101,1.4,0.340774,1.073226,0,0.001222828,0.000641617
29,1,1,4,17,2.5,0.13175,0.29325,0,0.256834274,0.200879411
34,4,7,15,40,6.4,0.94976,1.61024,0,0.069214478,0.035250802
26,1,1,0,21,4.9,0.608139,0.420861,0,0.437159973,0.279490652
31,1,15,2,60,4.8,0.80352,2.07648,0,0.023929245,0.006835416
26,1,10,6,24,2.7,0.31104,0.33696,0,0.035986016,0.016757188
28,1,12,7,45,7.7,1.853775,1.611225,0,0.073843195,0.04675138
37,1,3,3,25,3.7,0.27565,0.64935,0,0.217879898,0.27412738
48,1,3,11,27,21.3,1.403244,4.347756,0,0.567479032,0.482486033
26,1,7,3,22,5.1,0.208692,0.913308,0,0.103099521,0.035175892
46,5,15,0,126,3.1,0.476532,3.429468,0,0.020166507,0.038405672
31,1,7,10,23,4.9,0.2254,0.9016,0,0.060651155,0.041068803
34,1,13,8,56,6.1,0.864248,2.551752,0,0.027621063,0.008255096
40,1,22,4,95,3.6,0.6327,2.7873,0,0.003101044,0.00084632
33,1,2,14,44,3.1,0.52514,0.83886,0,0.137149572,0.113480202
35,1,5,5,32,13,0.17472,3.98528,0,0.23817614,0.128139342
34,1,14,8,28,17,1.13764,3.62236,0,0.06386393,0.036218807
49,1,11,5,39,10.1,2.457936,1.481064,0,0.172789131,0.118143116
26,2,0,7,28,9.3,1.270752,1.333248,0,0.547167439,0.465957619
23,2,0,4,21,8.7,0.454923,1.372077,0,0.478149025,0.480245924
38,2,4,13,56,1.6,0.441728,0.454272,0,0.081412025,0.087866824
28,2,5,2,37,8.3,1.123986,1.947014,0,0.312191501,0.331114361
34,1,18,10,34,15.4,2.099636,3.136364,0,0.03204967,0.054931822
50,2,16,14,71,11.1,1.662891,6.218109,0,0.02028301,0.035738191
29,1,12,2,40,6.7,1.63212,1.04788,0,0.088012555,0.047456444
42,3,0,9,64,6.6,0.278784,3.945216,0,0.314325446,0.506289341
31,1,13,12,27,5,0.2376,1.1124,0,0.012839449,0.006752024
39,1,10,4,31,4.8,0.184512,1.303488,0,0.04685877,0.027451351
45,2,21,26,132,3,2.55816,1.40184,0,0.001893585,0.00108818
45,1,22,24,91,11.7,1.256346,9.390654,0,0.001786849,0.000937411
36,1,14,17,53,5.7,1.888125,1.132875,0,0.018278155,0.028206006
30,2,8,4,56,6.4,0.333312,3.250688,0,0.091045132,0.090233588
31,1,1,1,24,4.5,0.21708,0.86292,0,0.355872431,0.398716893
43,1,4,2,29,4.6,0.05336,1.28064,0,0.18432,0.135615942
47,1,19,7,50,30.1,3.17555,11.87445,0,0.183510837,0.187638627
43,2,16,10,83,4.1,0.258628,3.144372,0,0.006861088,0.004837126
48,1,3,7,24,7,0.7644,0.9156,0,0.262752007,0.361856542
30,3,8,7,61,2.8,0.549976,1.158024,0,0.060751507,0.064766988
36,4,8,0,32,1.6,0.024576,0.487424,0,0.07066342,0.049535978
20,3,0,1,17,2.3,0.043792,0.347208,0,0.34429625,0.400508901
43,1,16,7,89,0.4,0.159488,0.196512,0,0.005972131,0.003885137
41,1,21,2,76,20.5,6.94868,8.63132,0,0.436083826,0.459916792
50,1,11,5,36,4.8,0.834624,0.893376,0,0.049081068,0.05627039
40,1,9,4,64,6.6,0.789888,3.434112,0,0.094125854,0.091885737
39,2,9,16,56,18.7,4.76476,5.70724,0,0.526576599,0.549684502
24,2,1,2,42,5.7,0.8379,1.5561,0,0.446969865,0.509605982
27,1,0,5,16,1.1,0.130416,0.045584,0,0.263962686,0.257210124
40,3,18,14,157,6.6,3.326202,7.035798,0,0.02173617,0.010447737
32,2,8,2,45,3.7,0.98235,0.68265,0,0.118692414,0.1292301
39,2,16,12,53,3.7,0.694194,1.266806,0,0.007223087,0.006232964
40,1,22,1,100,14.6,5.402,9.198,0,0.138782228,0.117024897
32,1,10,11,42,9.1,1.540266,2.281734,0,0.081289635,0.05865986
39,1,23,1,75,18.9,3.132675,11.042325,0,0.047933864,0.049875612
56,1,11,20,59,15,4.6728,4.1772,0,0.252929141,0.289117104
32,3,5,9,23,4.5,0.326025,0.708975,0,0.104213977,0.085720124
42,1,7,12,25,10.2,1.62945,0.92055,0,0.163801843,0.099212609
43,1,25,16,242,2.6,1.63592,4.65608,0,0.000921051,0.000205799
28,2,6,9,22,11.5,0.65021,1.87979,0,0.169351559,0.189889564
39,3,11,17,39,12.9,2.560779,2.470221,0,0.096663588,0.070065898
39,1,0,8,39,7.9,1.066026,2.014974,0,0.466825332,0.542854953
30,1,0,11,17,12,0.30396,1.73604,0,0.389027998,0.327950682
37,5,9,16,177,5.9,0.887655,9.555345,0,0.037507702,0.03879634
22,1,4,3,14,17.5,0.2254,2.2246,0,0.417905695,0.344027927
50,1,1,26,26,14.3,1.851564,1.866436,0,0.305149955,0.279919789
30,1,10,2,19,4.4,0.336072,0.499928,0,0.057400041,0.050708022
39,1,8,0,21,4,0.27636,0.56364,0,0.097930692,0.132449649
31,3,9,2,28,2.6,0.121576,0.606424,0,0.055316194,0.077154157
31,2,9,1,30,5.8,0.60204,1.13796,0,0.099860009,0.138414266
48,1,0,23,30,22.3,2.66262,4.02738,0,0.697265079,0.893551146
28,1,4,1,16,23.8,1.08528,2.72272,0,0.706802218,0.862387906
27,2,6,1,34,4.4,0.237864,1.258136,0,0.141458063,0.146719217
29,2,6,10,65,18.4,1.98536,9.97464,0,0.426193839,0.497211564
44,1,12,3,31,9.7,0.357833,2.649167,0,0.052912262,0.073273283
22,1,1,0,18,4.4,0.270072,0.521928,0,0.379766055,0.177079758
38,2,13,0,59,2.4,0.407808,1.008192,0,0.029331337,0.044697304
52,2,12,16,76,7.7,0.99484,4.85716,0,0.022921822,0.033961182
25,1,5,5,22,10.9,0.402864,1.995136,0,0.228405144,0.136131956
51,2,27,21,166,11.5,0.82087,18.26913,0,0.000519592,0.000345652
38,1,21,16,58,16.5,4.58403,4.98597,0,0.043003654,0.010704815
44,1,9,20,33,5.2,0.545688,1.170312,0,0.021296316,0.01653755
34,1,5,3,33,7.3,0.778107,1.630893,0,0.239104782,0.124099869
25,2,6,2,26,4.5,0.0702,1.0998,0,0.122204023,0.118265679
34,2,4,10,25,5.8,0.56985,0.88015,0,0.149892441,0.207167626
50,2,15,31,60,1.1,0.46794,0.19206,0,0.001381192,0.000739887
33,1,13,13,42,3.6,0.228312,1.283688,0,0.010431375,0.003220373
30,2,12,9,98,7.2,2.935296,4.120704,0,0.107550024,0.075334472
44,2,12,5,86,13,1.47576,9.70424,0,0.107609227,0.170815566
22,3,0,1,18,7.7,0.47817,0.90783,0,0.52032149,0.460274878
42,5,6,23,190,7.8,3.15666,11.66334,0,0.165472355,0.193342467
38,1,3,19,23,14.7,0.831726,2.549274,0,0.216118812,0.150362714
28,3,2,5,30,19.9,1.52235,4.44765,0,0.720374153,0.691310212
52,1,19,25,89,4.7,0.397385,3.785615,0,0.001124812,0.002137513
25,1,9,2,20,3.5,0.105,0.595,0,0.059086838,0.031391085
28,2,1,4,16,14.7,0.573888,1.778112,0,0.566530277,0.525670375
43,1,19,11,79,7.5,0.7821,5.1429,0,0.005574352,0.003779158
24,2,3,1,24,19.1,2.172816,2.411184,0,0.790973719,0.832410344
34,3,13,7,52,9.2,1.497392,3.286608,0,0.055018041,0.06644702
29,2,6,9,25,4.2,0.58485,0.46515,0,0.093466314,0.086537641
31,1,6,9,21,8.3,0.728574,1.014426,0,0.138502891,0.062203623
49,2,11,1,51,15,0.54315,7.10685,0,0.129468268,0.267632325
39,1,22,9,73,14.3,3.726723,6.712277,0,0.030418429,0.0227131
45,3,0,19,22,4.2,0.030492,0.893508,0,0.124931153,0.228425617
41,1,7,22,32,2.9,0.072384,0.855616,0,0.018357209,0.014986011
29,2,9,0,46,1.6,0.241408,0.494592,0,0.063275166,0.045303818
35,3,7,5,38,15.1,1.382858,4.355142,0,0.316418478,0.314630258
27,2,5,6,25,6.8,0.7055,0.9945,0,0.18436233,0.132582169
28,1,4,7,19,4.1,0.286672,0.492328,0,0.14136216,0.087586408
48,1,17,22,66,3.2,1.46784,0.64416,0,0.003761713,0.001296234
24,1,2,5,18,6,0.52812,0.55188,0,0.299374283,0.253138748
31,1,6,12,33,4.2,0.14553,1.24047,0,0.059106274,0.018468343
43,1,10,9,69,6.4,0.410688,4.005312,0,0.041169076,0.03816022
42,1,3,10,24,10.6,0.666528,1.877472,0,0.266242525,0.259469051
51,2,31,14,249,7.8,4.27284,15.14916,0,0.00181069,0.001468309
29,1,9,8,30,8.2,0.15498,2.30502,0,0.056688554,0.041921863
42,1,2,16,30,9.7,1.47246,1.43754,0,0.29394756,0.163921397
34,1,15,0,67,13.2,3.741012,5.102988,0,0.245765436,0.230247238
34,2,9,7,27,1.7,0.295137,0.163863,0,0.038272417,0.051917397
42,2,18,23,66,9.6,1.641024,4.694976,0,0.005278529,0.004844934
34,1,16,9,48,7.6,1.473792,2.174208,0,0.020064412,0.035353157
26,1,10,2,32,4.7,0.126336,1.377664,0,0.05253575,0.015900074
30,2,12,9,68,20.1,2.856612,10.811388,0,0.264548261,0.258953818
38,3,13,18,25,5.7,0.343425,1.081575,0,0.008947804,0.009797841
43,2,10,24,37,8.5,0.676175,2.468825,0,0.017477202,0.020977696
31,2,9,8,53,13.5,1.194885,5.960115,0,0.148280993,0.109027865
37,4,10,18,123,17.3,3.021618,18.257382,0,0.194493459,0.117874759
32,2,12,3,63,18.2,5.549544,5.916456,0,0.698539002,0.716056179
47,2,17,23,41,9.5,0.455715,3.439285,0,0.003387655,0.002281627
40,1,21,21,46,6.2,0.966828,1.885172,0,0.001515432,0.000666842
31,1,8,1,22,6.7,0.369974,1.104026,0,0.11818653,0.050740455
34,3,7,0,27,2.2,0.125334,0.468666,0,0.097681906,0.101663812
52,4,13,17,234,7.7,7.38738,10.63062,0,0.398095481,0.256097261
38,3,15,18,63,13.4,5.090526,3.351474,0,0.14272706,0.140456482
33,2,10,4,26,3.1,0.030628,0.775372,0,0.037296236,0.041499373
39,2,9,12,32,6.6,1.429824,0.682176,0,0.072591294,0.081220109
47,3,23,11,115,4,0.6532,3.9468,0,0.001446481,0.001542253
36,2,11,8,49,1.3,0.272636,0.364364,0,0.021069316,0.025991616
38,3,12,18,64,5.8,0.894592,2.817408,0,0.015671488,0.015884423
46,2,9,26,15,4.3,0.014835,0.630165,0,0.009024153,0.012456421
54,1,18,34,114,8.5,3.2946,6.3954,0,0.00505599,0.002669117
23,1,1,0,17,1.6,0.011696,0.260304,0,0.291990398,0.209056387
41,1,23,2,91,13.7,0.573482,11.893518,0,0.006723121,0.004915234
26,1,0,0,14,10.5,0.25578,1.21422,0,0.570108445,0.49490981
49,2,22,4,79,7.3,0.28835,5.47865,0,0.003527486,0.004944197
28,2,3,1,36,8.6,0.383904,2.712096,0,0.349545471,0.454011407
38,1,6,17,18,13,0.13104,2.20896,0,0.082771156,0.07517743
33,2,2,9,37,4.5,0.834165,0.830835,0,0.243737292,0.2095824
26,1,8,4,25,4.7,0.210325,0.964675,0,0.074367062,0.023293582
36,1,9,1,40,9.8,1.97568,1.94432,0,0.257572992,0.280852019
29,1,9,2,33,4.8,0.693792,0.890208,0,0.089829433,0.064154442
27,2,8,4,38,6.9,0.364458,2.257542,0,0.096305997,0.088769594
45,1,17,0,62,15,2.4366,6.8634,0,0.100194275,0.060982983
37,1,9,8,57,5.5,1.357455,1.777545,0,0.086185318,0.066374471
30,4,7,10,30,15.7,0.26376,4.44624,0,0.146191577,0.083085732
31,1,7,2,20,12.3,0.1107,2.3493,0,0.182032927,0.376786068
35,1,10,16,39,5.7,0.217854,2.005146,0,0.020054843,0.011793775
33,1,2,10,24,9.6,1.041408,1.262592,0,0.344199797,0.17105028
46,3,4,17,73,5.4,2.223288,1.718712,0,0.199080216,0.19548208
41,1,24,12,83,14,6.58854,5.03146,0,0.070606333,0.117449607
42,2,11,5,73,6.8,2.869192,2.094808,0,0.164981784,0.154687881
41,4,9,13,47,5,0.4371,1.9129,0,0.034262174,0.01912612
47,1,27,8,113,9.2,2.380684,8.015316,0,0.002973617,0.0009647
34,1,3,14,36,4.7,0.624348,1.067652,0,0.131965059,0.114280825
36,1,7,2,43,6.2,1.03974,1.62626,0,0.181128207,0.200800192
38,2,7,4,64,3,0.65088,1.26912,0,0.101882333,0.092819419
46,1,9,23,31,13.8,1.617084,2.660916,0,0.063066022,0.146304832
44,2,17,0,129,2.5,0.551475,2.673525,0,0.012387857,0.009242397
35,3,10,15,39,10.4,1.60212,2.45388,0,0.069154798,0.046213547
36,1,20,15,60,5.4,1.05624,2.18376,0,0.003079673,0.000641398
41,2,7,17,63,15.4,4.637556,5.064444,0,0.536482529,0.490576768
25,1,1,1,19,6.9,0.190095,1.120905,0,0.402046071,0.351605012
45,2,2,19,29,5.4,0.443178,1.122822,0,0.110136494,0.114909237
48,2,30,14,148,7.2,3.974688,6.681312,0,0.001844986,0.001200494
38,1,18,7,45,7,0.5355,2.6145,0,0.008147657,0.004555016
29,1,6,4,46,5.4,1.169964,1.314036,0,0.193939822,0.073253457
42,4,15,8,186,3.6,2.403864,4.292136,0,0.032772869,0.012513342
31,1,11,12,47,10.9,2.863757,2.259243,0,0.138052759,0.039065979
40,1,3,13,23,6.9,0.409446,1.177554,0,0.15040843,0.126245777
26,1,2,6,21,19.8,1.022868,3.135132,0,0.638773294,0.374274864
25,1,6,6,22,20.2,2.261996,2.182004,0,0.585398831,0.453776057
53,4,7,11,61,7.9,1.874591,2.944409,0,0.166379006,0.163983491
50,3,18,27,102,14.1,5.781564,8.600436,0,0.057645158,0.068585215
37,3,12,8,83,4.1,0.319882,3.083118,0,0.021731469,0.025722919
41,1,24,15,100,11.5,5.06,6.44,0,0.019499657,0.004621961
41,2,6,1,19,6.3,0.124488,1.072512,0,0.154401284,0.260756585
36,1,7,17,40,9.9,1.69488,2.26512,0,0.116559267,0.078404432
41,1,1,16,19,4.4,0.241604,0.594396,0,0.141027593,0.164085768
53,2,16,31,44,5.6,1.333024,1.130976,0,0.002643162,0.001728988
31,2,6,5,25,11.5,2.331625,0.543375,0,0.42511748,0.363858731
28,2,5,6,25,2.9,0.338575,0.386425,0,0.114908562,0.140524578
48,1,28,25,70,12,4.3344,4.0656,0,0.002300909,0.003278109
31,1,11,6,34,6.8,0.298248,2.013752,0,0.040078548,0.012844578
27,1,6,6,43,4.9,0.882833,1.224167,0,0.142367945,0.045794399
43,1,11,17,37,1.3,0.179894,0.301106,0,0.009727787,0.003445825
29,2,5,7,28,18.7,2.125816,3.110184,0,0.573439482,0.493363743
38,1,4,9,19,13.6,1.245488,1.338512,0,0.35925924,0.353876688
30,1,12,10,38,8.5,0.17119,3.05881,0,0.024932341,0.006685011
36,1,11,2,33,32.5,1.26555,9.45945,0,0.492921785,0.459357982
48,1,15,5,60,2.1,0.3213,0.9387,0,0.011353608,0.036417714
31,1,12,9,24,6.6,0.441936,1.142064,0,0.02665751,0.018829855
35,1,16,10,57,10.5,1.143135,4.841865,0,0.019776672,0.011858341
50,1,4,4,23,12.5,0.140875,2.734125,0,0.28856006,0.268133317
42,2,12,9,55,15,2.53275,5.71725,0,0.160004694,0.207225497
40,1,2,3,28,7.1,0.184884,1.803116,0,0.312733954,0.335673703
31,3,6,8,54,2.8,0.402192,1.109808,0,0.081733963,0.09526185
38,1,11,13,35,8,1.2656,1.5344,0,0.043750417,0.015030705
35,1,15,1,77,10.6,5.501188,2.660812,0,0.395682696,0.352862765
44,1,24,10,101,5.6,2.992024,2.663976,0,0.005393471,0.001375939
44,2,21,14,113,13.2,3.192024,11.723976,0,0.017482459,0.017772336
33,1,0,12,23,0.9,0.077418,0.129582,0,0.162164225,0.070973436
35,1,7,14,29,4.9,0.264306,1.156694,0,0.045532071,0.015393501
36,3,10,4,43,13,0.96148,4.62852,0,0.136621644,0.210073251
23,2,3,4,24,6.3,0.55188,0.96012,0,0.274574171,0.305546261
27,1,0,7,18,12.8,0.582912,1.721088,0,0.525985166,0.286215903
34,1,6,1,20,1.2,0.04248,0.19752,0,0.09996262,0.262585048
24,2,4,4,20,3.7,0.32412,0.41588,0,0.171627763,0.197757804
48,1,30,8,101,6.4,1.87456,4.58944,0,0.00084111,0.000591556
26,2,8,1,40,11.8,0.44368,4.27632,0,0.179855997,0.18001206
34,1,9,8,48,9.3,0.419616,4.044384,0,0.071551663,0.053967236
35,1,17,4,42,3,0.09324,1.16676,0,0.007231939,0.014853841
36,4,1,17,30,11.5,0.3243,3.1257,0,0.229003012,0.159674744
21,1,1,1,16,6.3,0.14112,0.86688,0,0.382731699,0.299956004
34,1,18,10,53,10.5,0.840315,4.724685,0,0.010333379,0.017874981
35,3,1,4,20,7.9,0.8532,0.7268,0,0.45699181,0.496680355
33,1,12,12,68,10.8,1.365984,5.978016,0,0.050153882,0.035175575
30,1,4,2,18,10.7,0.227268,1.698732,0,0.299585258,0.23862774
24,2,0,5,16,7.3,0.024528,1.143472,0,0.368444933,0.37735777
47,1,31,8,253,7.2,9.308376,8.907624,0,0.047771824,0.021034315
22,3,0,2,20,4.7,0.21902,0.72098,0,0.398143401,0.335897933
48,2,6,1,66,12.1,2.31594,5.67006,0,0.516782262,0.654408469
29,2,6,4,21,11.5,0.369495,2.045505,0,0.206713345,0.265625945
33,1,15,3,32,7.6,0.491264,1.940736,0,0.023626992,0.007907742
45,1,19,22,77,8.4,2.302608,4.165392,0,0.005899321,0.003734528
37,1,12,14,44,14.7,2.994684,3.473316,0,0.138690005,0.094587515
41,3,17,12,176,9.3,11.359392,5.008608,1,0.808394327,0.788640432
24,2,2,0,28,17.3,1.787436,3.056564,1,0.781588314,0.73788482
24,1,3,4,19,24.4,1.358348,3.277652,1,0.748041204,0.619443452
36,2,9,6,49,8.6,0.817516,3.396484,1,0.096704078,0.113839682
36,2,13,6,41,16.4,2.918216,3.805784,1,0.212050391,0.175024767
21,2,1,2,16,18,0.24192,2.63808,1,0.629777455,0.620461226
28,2,1,8,24,17.1,1.337904,2.766096,1,0.643903295,0.659599885
26,1,0,0,14,7.5,0.3024,0.7476,1,0.51104996,0.749382132
23,2,0,2,21,11.4,0.775656,1.618344,1,0.62178477,0.635955665
34,1,2,11,25,12.6,0.5733,2.5767,1,0.325347336,0.290873402
46,1,16,18,52,12.9,3.032016,3.675984,1,0.037002117,0.082692311
37,1,1,3,24,15.1,1.801128,1.822872,1,0.747904441,0.631338504
29,1,13,1,42,7.4,1.457652,1.650348,1,0.073258352,0.055660176
32,2,11,6,75,23.3,7.7589,9.7161,1,0.927930677,0.950097301
28,2,2,3,23,6.4,0.186944,1.285056,1,0.299857848,0.339121772
28,2,8,3,31,8.2,1.492154,1.049846,1,0.198324332,0.19351847
29,1,1,2,20,18.6,0.56916,3.15084,1,0.683895029,0.666638379
26,1,4,3,27,10.5,2.47212,0.36288,1,0.583734685,0.444059376
29,2,5,4,36,12.4,3.490848,0.973152,1,0.682593453,0.740911847
23,2,0,1,17,27.7,2.043706,2.665294,1,0.93955723,0.954148797
25,1,1,6,15,11.4,0.37107,1.33893,1,0.425001073,0.340615418
32,2,0,6,18,5.8,0.296496,0.747504,1,0.355098571,0.431805122
41,3,2,0,15,26.3,1.960665,1.984335,1,0.897394642,0.959274267
38,3,4,6,31,9.3,1.331946,1.551054,1,0.339650908,0.500798524
53,1,9,18,50,11.2,2.016,3.584,1,0.091694515,0.277142434
31,2,0,4,27,12.8,1.08864,2.36736,1,0.654199897,0.650260919
25,1,1,0,20,6.7,0.47168,0.86832,1,0.457103921,0.451129715
23,1,3,0,19,8.4,0.2793,1.3167,1,0.350376774,0.28022394
34,4,6,3,27,35.3,1.982448,7.548552,1,0.853379628,0.801968754
31,1,2,4,22,12.7,1.092454,1.701546,1,0.536364361,0.380803461
39,2,7,2,68,13,1.0166,7.8234,1,0.284597622,0.328969293
29,2,4,3,37,6.6,1.15995,1.28205,1,0.319083473,0.270478425
24,1,0,2,16,16,1.00864,1.55136,1,0.738204318,0.872485065
27,1,9,6,45,17.8,2.85156,5.15844,1,0.436141029,0.362589322
43,1,13,23,76,6.1,2.151104,2.484896,1,0.017251009,0.029109127
54,1,9,2,28,14.8,1.558144,2.585856,1,0.281348717,0.480565148
33,1,9,4,29,13.8,1.348674,2.653326,1,0.212727097,0.09443719
31,2,2,1,26,6.8,0.28288,1.48512,1,0.355441226,0.35687565
35,2,1,8,24,12.5,0.591,2.409,1,0.439878612,0.588297664
40,2,13,11,102,18.9,6.226794,13.051206,1,0.598120043,0.719033126
22,1,4,2,24,15.6,1.636128,2.107872,1,0.59640472,0.523048465
32,1,1,0,20,4.8,0.31488,0.64512,1,0.394231456,0.415474552
33,2,2,14,35,22.9,2.123975,5.891025,1,0.695220117,0.768448717
40,1,14,21,43,15,2.79285,3.65715,1,0.048832306,0.028540978
27,2,4,3,22,13.2,1.086096,1.817904,1,0.445777636,0.464658154
36,1,10,0,28,11.2,0.81536,2.32064,1,0.146632349,0.123669593
31,1,1,6,21,2.5,0.2772,0.2478,1,0.242020038,0.189231246
24,1,1,0,18,5.9,0.23895,0.82305,1,0.407098215,0.353632385
31,2,6,6,32,23.1,3.341184,4.050816,1,0.771944253,0.791662104
44,3,8,10,88,6.1,0.284504,5.083496,1,0.055051573,0.055955589
44,1,5,3,48,9,1.96992,2.35008,1,0.41954685,0.539840072
35,3,5,3,37,5.4,0.581418,1.416582,1,0.191854827,0.29828009
27,2,7,8,30,4,0.4476,0.7524,1,0.073803724,0.078148696
27,4,0,6,70,8,1.6184,3.9816,1,0.587813312,0.443724165
29,3,5,6,70,19.9,3.17604,10.75396,1,0.747408816,0.824609098
43,2,9,5,60,20.4,4.0392,8.2008,1,0.675773512,0.735527014
55,1,3,11,40,8,0.5632,2.6368,1,0.200412812,0.356906369
32,2,2,11,15,9.1,0.118755,1.246245,1,0.214385375,0.283906639
39,1,6,19,42,19.9,2.540832,5.817168,1,0.359410782,0.341286575
33,1,13,3,52,21.3,2.71362,8.36238,1,0.320037252,0.281724996
52,1,9,11,24,19.2,0.801792,3.806208,1,0.152644828,0.134327154
31,3,9,7,59,14.6,3.109654,5.504346,1,0.383989292,0.444903393
27,2,1,0,20,10.3,0.37698,1.68302,1,0.522856465,0.64373034
26,2,2,6,24,13.6,1.576512,1.687488,1,0.584197334,0.583847993
30,1,0,11,17,3.7,0.44659,0.18241,1,0.249311861,0.448411318
31,1,11,6,28,4.8,0.345408,0.998592,1,0.034705977,0.027050883
34,1,15,2,39,24.7,4.373382,5.259618,1,0.523381878,0.505124708
38,2,2,16,22,22.7,1.208548,3.785452,1,0.529953185,0.643459061
31,1,10,12,49,9.8,3.236548,1.565452,1,0.186571308,0.055121181
25,2,4,5,27,5,0.54945,0.80055,1,0.19599444,0.137672117
47,1,29,18,129,25.3,20.56131,12.07569,1,0.991215199,0.995958515
39,1,19,15,60,27.1,9.5934,6.6666,1,0.780727837,0.724045031
29,1,2,0,14,14.4,0.586656,1.429344,1,0.581985286,0.806555551
27,3,4,1,40,3.1,0.28396,0.95604,1,0.196807274,0.163146753
27,3,3,4,45,11,0.29205,4.65795,1,0.330579204,0.288036577
38,1,0,8,23,8.1,0.897966,0.965034,1,0.447311664,0.476795413
40,2,5,12,35,16.4,1.58424,4.15576,1,0.348948478,0.431535036
54,1,25,12,120,26.5,14.5962,17.2038,1,0.946429423,0.953754976
29,3,3,3,50,2.4,0.2592,0.9408,1,0.19746142,0.254253332
28,4,2,4,41,2.5,0.4592,0.5658,1,0.246483133,0.16097975
28,3,6,8,47,19.8,5.574294,3.731706,1,0.885453544,0.901779861
28,1,4,2,28,14.2,0.43736,3.53864,1,0.396526748,0.310010504
40,3,5,3,220,16,8.1664,27.0336,1,0.979036869,0.988185401
30,1,0,8,19,16.6,0.624492,2.529508,1,0.594361944,0.368223078
41,3,18,6,71,15.7,6.565583,4.581417,1,0.378139551,0.471497333
41,3,7,6,56,14.5,0.37352,7.74648,1,0.184999655,0.337327387
39,1,2,15,22,23.1,1.915914,3.166086,1,0.655166552,0.506129732
24,2,0,2,15,16.1,0.321195,2.093805,1,0.657366017,0.730841489
37,1,0,18,18,12.9,1.583604,0.738396,1,0.448324032,0.396188637
33,1,14,8,72,41.3,15.01668,14.71932,1,0.999396727,0.999456996
48,1,13,20,50,30.8,6.1138,9.2862,1,0.657473551,0.693188579
39,2,2,12,46,16,4.00384,3.35616,1,0.81080502,0.8118123
52,5,9,0,70,9.4,1.32916,5.25084,1,0.200505599,0.507736411
24,3,2,5,16,6.4,0.270336,0.753664,1,0.27634146,0.217099829
53,4,5,29,78,17.3,6.935916,6.558084,1,0.757882062,0.717872868
47,3,9,1,52,20.1,2.539836,7.912164,1,0.54333718,0.791485863
23,1,2,2,16,9.6,0.804864,0.731136,1,0.467493599,0.661126016
30,3,0,8,65,29.7,3.89961,15.40539,1,0.968168697,0.985002292
25,4,0,6,24,12.1,1.5972,1.3068,1,0.669224231,0.529164291
29,2,1,7,29,21.2,2.330092,3.817908,1,0.832577623,0.852272658
32,2,11,4,57,23.8,5.439966,8.126034,1,0.807400639,0.779094602
46,1,1,15,21,14.8,1.376844,1.731156,1,0.460812338,0.515168776
23,4,0,4,32,18.4,0.818432,5.069568,1,0.726515778,0.60695259
23,1,2,1,25,4.5,0.12375,1.00125,1,0.291233569,0.483046713
34,1,12,5,68,25.1,7.817144,9.250856,1,0.929970061,0.932249891
29,2,0,8,22,12.9,1.038708,1.799292,1,0.572678018,0.604360378
24,1,3,3,21,28.9,2.682498,3.386502,1,0.910956747,0.76628122
43,4,18,14,446,6.5,16.03147,12.95853,1,0.96965967,0.810529338
46,3,3,13,43,13.2,3.042336,2.633664,1,0.582566827,0.759321308
31,1,2,2,22,16.4,1.739056,1.868944,1,0.732098138,0.892224093
37,4,1,14,33,16.1,2.693691,2.619309,1,0.688575966,0.608890907
21,2,0,2,21,12.5,0.48825,2.13675,1,0.605763987,0.603273387
47,3,16,26,221,17.6,15.791776,23.104224,1,0.978482417,0.975208295
21,2,2,0,20,4.5,0.2907,0.6093,1,0.329048232,0.380251991
29,1,7,5,20,19.8,1.00584,2.95416,1,0.360900474,0.249298986
24,4,0,3,29,6.6,0.589512,1.324488,1,0.471417522,0.308259803
25,1,3,2,18,16.3,0.35208,2.58192,1,0.489785017,0.694945204
24,2,2,3,26,9.7,0.887744,1.634256,1,0.461293101,0.463144797
45,3,5,17,94,10.5,3.61242,6.25758,1,0.404073317,0.540470111
27,4,2,8,23,5.7,0.319884,0.991116,1,0.22446827,0.136647522
33,2,10,13,57,20.9,6.111369,5.801631,1,0.745230832,0.773666958
35,2,0,16,22,15,1.9701,1.3299,1,0.589492479,0.619998412
41,3,13,13,91,25.2,2.316132,20.615868,1,0.190066872,0.23581993
28,1,0,2,28,33.3,2.28438,7.03962,1,0.964245332,0.968754436
38,3,12,14,63,16,5.71536,4.36464,1,0.461942697,0.516548027
25,1,3,2,16,17.8,1.01104,1.83696,1,0.615174777,0.489746511
47,2,4,9,33,7.1,1.19493,1.14807,1,0.234821562,0.435269789
25,1,0,2,18,18.9,0.513702,2.888298,1,0.732830432,0.876014025
41,2,6,0,36,19.5,4.51386,2.50614,1,0.887052061,0.95027584
35,2,3,11,40,17.2,1.80256,5.07744,1,0.534566608,0.510171442
23,2,1,3,18,18.7,0.885258,2.480742,1,0.706912324,0.707448377
42,2,14,1,48,8.6,1.201248,2.926752,1,0.056185032,0.10277141
22,1,4,3,19,23.1,1.88727,2.50173,1,0.753090719,0.64657433
37,1,6,10,31,11.7,1.701063,1.925937,1,0.258901635,0.198493299
22,3,1,3,25,13.8,1.97685,1.47315,1,0.74524464,0.780352203
49,2,2,13,20,16.9,0.37856,3.00144,1,0.348909748,0.448638523
32,2,5,5,43,15,1.806,4.644,1,0.487140031,0.542037091
24,1,3,0,14,16.1,0.838488,1.415512,1,0.594520034,0.340543304
32,1,4,3,16,28.5,0.89376,3.66624,1,0.735464115,0.749166213
37,2,4,11,20,21.7,0.1736,4.1664,1,0.345178224,0.472260172
41,3,12,11,86,26.5,4.99101,17.79899,1,0.646333249,0.710385623
32,1,0,4,20,3,0.2634,0.3366,1,0.331740957,0.614620155
22,2,0,1,35,9,0.7812,2.3688,1,0.591389619,0.514285574
28,1,2,2,17,2.5,0.199325,0.225675,1,0.249014584,0.478430566
29,3,7,2,84,13.6,6.91152,4.51248,1,0.924768238,0.903759482
48,4,14,10,59,16.5,4.935645,4.799355,1,0.328411065,0.479203819
27,3,5,4,42,19.9,2.707992,5.650008,1,0.726937604,0.787394726
27,4,0,0,25,12.7,1.419225,1.755775,1,0.758254212,0.831473031
24,1,3,5,15,11.3,0.072885,1.622115,1,0.291953912,0.464712479
28,1,9,0,22,27.7,5.283498,0.810502,1,0.923999365,0.963417139
24,1,8,0,17,5.6,0.569296,0.382704,1,0.128828924,0.073711217
37,3,16,14,50,36.6,7.32,10.98,1,0.83408103,0.872401326
25,4,0,1,18,33.4,2.801592,3.210408,1,0.975423921,0.95497799
29,2,3,6,26,6.1,0.537654,1.048346,1,0.238697601,0.255681504
51,1,10,1,44,13.2,4.960032,0.847968,1,0.67016142,0.732332082
22,3,0,0,23,8.4,0.372876,1.559124,1,0.540915699,0.621830884
28,1,2,0,18,14.8,1.939392,0.724608,1,0.757927497,0.897351357
25,4,1,1,34,8.5,0.13294,2.75706,1,0.428378429,0.509217773
32,2,5,0,28,14.8,2.594144,1.549856,1,0.68755814,0.792137546
28,2,3,4,41,25.1,5.896743,4.394257,1,0.977033207,0.972009139
26,1,3,5,29,25.7,2.526567,4.926433,1,0.857059752,0.837779241
29,1,1,3,18,25.6,1.98144,2.62656,1,0.892600597,0.855808736
41,2,4,14,26,19.2,1.47264,3.51936,1,0.41087301,0.55766614
40,3,3,15,55,16.5,1.751475,7.323525,1,0.431053834,0.449834631
28,2,0,3,30,4.8,0.12096,1.31904,1,0.367765701,0.419125529
29,2,6,7,18,5.1,0.44982,0.46818,1,0.108373074,0.133624931
23,2,3,3,22,11.4,1.274064,1.233936,1,0.493419829,0.476901542
47,1,31,9,136,23.1,14.231448,17.184552,1,0.759645308,0.902404221
23,1,1,0,21,8.4,1.210104,0.553896,1,0.598966729,0.34713266
28,2,0,7,29,13.3,2.148349,1.708651,1,0.739844454,0.758224584
31,1,7,11,41,30.7,2.995706,9.591294,1,0.739498668,0.719404557
23,2,0,1,42,3.9,1.018836,0.619164,1,0.513925992,0.573794389
53,1,6,7,27,6.4,0.594432,1.133568,1,0.128996675,0.457984449
28,3,2,0,20,9.4,0.23312,1.64688,1,0.42238755,0.417274777
37,2,0,13,31,0.9,0.118017,0.160983,1,0.154439813,0.233322779
35,1,0,5,34,11.1,1.369962,2.404038,1,0.638174661,0.656170449
40,1,6,9,36,2.1,0.390852,0.365148,1,0.071190292,0.188448598
30,1,7,2,33,25.4,1.165098,7.216902,1,0.564101779,0.532724219
20,1,4,0,14,9.7,0.200984,1.157016,1,0.312145073,0.119565221
35,1,7,5,39,16.1,1.701609,4.577391,1,0.377688744,0.400253852
34,1,10,1,33,10.3,2.501664,0.897336,1,0.277740293,0.24480922
53,1,0,26,27,28.9,2.754459,5.048541,1,0.773074676,0.81520258
36,2,6,15,27,4.6,0.262062,0.979938,1,0.051703079,0.053385657
